Store,avg_forecast_demand,avg_safety_stock,avg_reorder_point,avg_recommended_inventory,avg_stockout_risk_pct
1,4265.112102777778,3143.102394842397,32998.887114286845,62854.671833731285,5.000000000000007
2,4949.403136111111,7117.940777568325,41763.7627303461,76409.58468312389,5.0000000000000036
3,7144.959366666666,9215.488245993876,59230.20381266055,109244.91937932721,5.000000000000004
4,9585.163602777779,7113.649719081882,74209.79493852632,141305.94015797076,4.999999999999998
5,4630.563683333333,7164.887970422722,39578.83375375605,71992.77953708939,5.0000000000000036
6,4515.666141666667,5457.110583114849,37066.77357478152,68676.43656644817,5.000000000000005
7,9372.746149999999,10164.340573307116,75773.56362330711,141382.7866733071,5.0000000000000036
8,6380.126794444444,8666.476610281417,53327.36417139253,97988.25173250363,5.0000000000000036
9,7640.199830555556,7986.720235272432,61468.11904916132,114949.5178630502,5.0000000000000036
10,5820.850716666667,4614.884621936402,45360.839638603065,86106.79465526974,5.0000000000000036
11,7346.064219444444,7249.536328236074,58671.98586434718,110094.43540045829,5.000000000000004
12,7497.912394444445,10015.02449972061,62500.411260831715,114985.79802194283,5.0000000000000036
13,5028.100333333333,7058.55426049334,42255.25659382667,77451.95892716,5.000000000000004
14,5602.269658333334,6573.188938439685,45789.076546773016,85004.96415510635,5.0000000000000036
15,6865.201466666667,7081.749479783019,55138.15974644969,103194.57001311636,5.0000000000000036
16,7969.776855555556,8573.282082175905,64361.7200710648,120150.15805995368,5.0000000000000036
17,5993.177522222222,10172.993993472905,52125.23664902846,94077.47930458402,5.0000000000000036
18,7151.981502777778,7646.677706510309,57710.54822595476,107774.41874539919,5.0000000000000036
19,7104.198761111111,7960.108341106278,57689.49966888406,107418.89099666184,5.0000000000000036
20,8234.369530555556,7130.187985557659,64770.77469944655,122411.36141333543,5.000000000000006
21,5563.922361111111,8155.913918915805,47103.37044669359,86050.82697447136,5.0000000000000036
22,4687.8553694444445,5766.699945790589,38581.6875319017,71396.6751180128,5.0000000000000036
23,5464.465161111111,7393.348487451677,45644.60461522945,83895.86074300723,5.0000000000000036
24,9953.450616666667,12045.857005020378,81720.01132168705,151394.1656383537,5.0000000000000036
25,10671.645905555555,9550.881342314646,84252.40268120353,158953.9240200924,5.000000000000003
26,6750.477377777777,7295.735756716701,54549.07740116114,101802.4190456056,5.0000000000000036
27,9866.913055555555,14188.245749788892,83256.63713867779,152325.02852756667,5.000000000000004
28,4643.51765,7374.651369164091,39879.27491916409,72383.8984691641,5.000000000000004
29,8264.80645,9599.557297317733,67453.20244731773,125306.84759731771,5.000000000000005
30,4140.263661111111,4580.363176444462,33562.20880422224,62544.05443200002,5.000000000000005
31,5689.299244444444,4722.851360414664,44547.946071525774,84373.04078263689,5.000000000000004
32,4084.761213888889,5537.8432312099385,34131.17172843216,62724.50022565439,5.000000000000004
33,8221.733647222221,6734.3546323276005,64286.49016288316,121838.6256934387,5.000000000000003
34,8260.783844444444,6370.852811703389,64196.339722814504,122021.82663392561,5.0000000000000036
35,11573.696055555556,15894.125968355082,96909.99835724398,177925.87074613286,5.0000000000000036
36,9509.768577777777,5785.449589983526,72353.82963442797,138922.2096788724,5.000000000000005
37,6519.7990361111115,6520.356044783122,52158.9492975609,97797.54255033868,5.000000000000004
38,6250.0918694444445,8379.1566456569,52129.799731768006,95880.44281787911,5.000000000000004
39,4756.1038194444445,7375.571556112016,40668.29829222313,73961.02502833425,5.0000000000000036
40,4405.896722222223,2634.8962742889285,33476.17332984448,64317.45038540004,5.000000000000004
41,5666.588538888889,4982.976065594074,44649.0958378163,84315.21561003852,5.0000000000000036
42,10431.101652777777,12359.543854628573,85377.25542407302,158394.96699351745,5.000000000000004
43,6678.060275,8810.77621017195,55557.19813517195,102303.62006017196,5.000000000000006
44,5176.276547222222,6756.16609058975,42990.10192114531,79224.03775170086,5.000000000000005
45,5263.660133333334,5590.162345440956,42435.78327877429,79281.40421210762,5.0000000000000036
46,5145.934752777777,6133.039621324278,42154.582890768725,78176.12616021317,5.0000000000000036
47,7349.621208333333,8193.153353610767,59640.5018119441,111087.85027027743,5.0000000000000036
48,3421.3953305555556,3458.1971657029717,27407.964479591858,51357.73179348075,5.000000000000004
49,7503.350925,6414.143990860547,58937.60046586054,111461.05694086054,5.000000000000004
50,4509.947622222222,5622.54071258347,37192.17406813902,68761.80742369458,5.000000000000004
51,7020.763072222222,6250.749743651309,55396.09124920687,104541.43275476241,5.0000000000000036
52,6538.739902777777,7286.761634261659,53057.94095370611,98829.12027315056,5.000000000000004
53,5360.854152777778,6067.408120511909,43593.38718995635,81119.36625940079,5.000000000000002
54,7675.536719444444,7270.163958816953,60998.92099492807,114727.67803103918,5.0000000000000036
55,4953.463644444444,6163.888324649893,40838.13383576101,75512.37934687211,5.0000000000000036
56,8210.165286111112,6739.779154153089,64210.93615693087,121682.09315970866,5.000000000000003
57,8784.12776388889,11024.055677339835,72512.95002456206,134001.84437178427,5.000000000000005
58,7089.16015,9886.22239586124,59510.34344586125,109134.46449586125,5.000000000000004
59,5386.0694,8457.028857692241,46159.51465769224,83862.00045769225,5.000000000000004
60,9022.503019444444,12087.255370579227,75244.77650669034,138402.29764280145,5.000000000000006
61,5236.254663888889,6130.860668549703,42784.64331577192,79438.42596299415,5.000000000000005
62,6685.789055555556,7888.489511630294,54689.012900519185,101489.53628940806,5.000000000000004
63,7301.971013888888,7724.904478773499,58838.70157599572,109952.49867321794,5.0000000000000036
64,11690.402319444443,11489.820116023744,93322.63635213485,175155.45258824597,5.0000000000000036
65,5167.262436111111,7311.8565872250765,43482.69364000285,79653.53069278064,5.000000000000003
66,6108.0384,4810.330132099154,47566.59893209915,90322.86773209916,5.0000000000000036
67,7905.726666666666,9547.062219031941,64887.1488856986,120227.23555236527,5.000000000000004
68,7681.335311111111,6005.370693992394,59774.717871770175,113544.06504954795,5.000000000000006
69,8942.478888888889,8204.843128909368,70802.1953511316,133399.5475733538,5.000000000000003
70,6707.291633333333,6960.620794504414,53911.66222783775,100862.70366117108,5.0000000000000036
71,9187.042530555556,10537.53371688317,74846.83143077206,139156.12914466095,5.000000000000004
72,4572.837461111111,8600.779960068168,40610.64218784595,72620.50441562373,5.000000000000004
73,4502.274394444445,5525.708808467931,37041.62956957905,68557.55033069017,5.0000000000000036
74,6060.1775472222225,6938.693095784398,49359.93592633995,91781.1787568955,5.000000000000007
75,6362.960469444444,4449.660679063498,48990.38396517461,93531.10725128572,5.0000000000000036
76,8854.607633333333,7705.877106609661,69688.130539943,131670.38397327633,5.000000000000005
77,7845.797194444445,8561.216697833765,63481.797058944874,118402.37742005599,5.0000000000000036
78,3743.320611111111,4568.010983932912,30771.25526171069,56974.49953948847,5.000000000000004
79,5581.004930555555,6918.1726337483115,45985.2071476372,85052.24166152609,5.000000000000004
80,7767.149841666666,7804.380581385519,62174.42947305219,116544.47836471885,5.000000000000006
81,7274.780658333333,5240.679655257913,56164.144263591246,107087.60887192459,5.000000000000003
82,9538.537491666668,12099.763039450676,78869.52548111735,145639.28792278402,5.0000000000000036
83,3958.468477777778,3475.0993237238577,31184.3786681683,58893.65801261275,5.0
84,13513.24363888889,12653.63941449054,107246.34488671277,201839.05035893497,5.000000000000005
85,7778.087185714286,10038.871437254862,64485.481737254864,118932.09203725486,5.000000000000004
86,4598.638711111111,5878.925935989428,38069.3969137672,70259.86789154499,5.000000000000006
87,5904.811583333333,5806.084835200259,47139.76591853359,88473.44700186694,5.000000000000006
88,6175.856280555556,10283.492179557237,53514.48614344613,96745.48010733501,5.000000000000004
89,6000.343097222222,5188.699764951929,47191.101445507484,89193.50312606305,5.000000000000004
90,8472.827338888888,8239.559987274146,67549.35135949637,126859.14273171859,5.000000000000004
91,4609.398697222223,5871.183133882932,38136.974014438485,70402.76489499403,5.0000000000000036
92,6350.300844444445,8045.835481724762,52497.94139283587,96950.04730394698,5.0000000000000036
93,6070.281044444444,8909.911358437697,51401.87866954881,93893.84598065991,5.0000000000000036
94,7685.903108333333,8416.410548563046,62217.732306896374,116019.0540652297,5.000000000000004
95,6790.315299999999,9135.264192161012,56667.47129216101,104199.678392161,5.000000000000006
96,5352.431219444445,9766.632465572773,47233.65100168388,84700.669537795,5.000000000000006
97,6977.092608333333,8370.279305083224,57209.92756341656,106049.5758217499,5.0000000000000036
98,5900.469099999999,6009.863429447169,47313.14712944717,88616.43082944717,5.0000000000000036
99,5575.605961111111,5369.957063350194,44399.19879112797,83428.44051890574,5.000000000000004
100,7867.178827777778,5845.857068465707,60916.10886291015,115986.3606573546,5.0000000000000036
101,7760.314483333334,7459.484201323786,61781.68558465711,116103.88696799046,5.0000000000000036
102,7127.254819444444,9892.91444099217,59783.69817710327,109674.48191321439,5.0000000000000036
103,4667.314111111111,3663.4893134454633,36334.688091223245,69005.88686900103,5.000000000000002
104,10302.607333333333,5937.375247410665,78055.62658074399,150173.87791407734,5.000000000000007
105,5073.196325,6017.23589631668,41529.61017131668,77041.98444631667,5.0000000000000036
106,8831.695361111111,7849.958183197768,69671.82571097555,131493.69323875333,5.0000000000000036
107,7341.532322222221,4726.877575646262,56117.60383120182,107508.33008675737,5.000000000000004
108,12143.94661111111,8960.291336695096,93967.91761447287,178975.54389225066,5.000000000000004
109,6597.925641666667,6336.97636851855,52522.45586018522,98707.93535185189,5.000000000000005
110,4618.7844583333335,4478.777445167409,36810.26865350074,69141.75986183407,5.000000000000004
111,6750.146672222222,7076.960884902618,54327.98759045817,101579.01429601373,5.000000000000005
112,6172.594236111111,3964.1991308672677,47172.358783645046,90380.51843642283,5.000000000000002
113,5705.933122222222,4354.607775833939,44296.139631389495,84237.67148694505,5.000000000000006
114,5246.578222222222,4968.186917561818,41694.23447311737,78420.28202867293,5.000000000000001
115,7813.814119444443,6938.182230538081,61634.88106664919,116331.57990276029,5.000000000000004
116,7055.653683333334,5645.8378450771,55035.41362841043,104424.98941174377,5.0000000000000036
117,3809.0098472222217,4345.098517243687,31008.167447799242,57671.2363783548,5.000000000000004
118,8266.221108333333,10038.780866923602,67902.32862525694,125765.87638359028,5.0000000000000036
119,5992.8788583333335,6057.766299240907,48007.91830757424,89958.07031590756,5.000000000000007
120,7135.059805555556,8437.855242496109,58383.273881385,108328.6925202739,5.000000000000004
121,4211.715161111111,5382.83795166008,34864.84407943786,64346.85020721564,5.0000000000000036
122,7535.985297619048,9287.528913444829,62039.425996778155,114791.3230801115,5.000000000000004
123,8242.040419444445,12063.6236385043,69757.90657461541,127452.18951072653,5.000000000000004
124,4655.628655555555,5640.568172583979,38229.96876147287,70819.36935036175,5.0000000000000036
125,11523.663319444444,14018.165223951599,94683.8084600627,175349.4516961738,5.000000000000004
126,5598.208586111111,6354.85955509538,45542.31965787316,84729.77976065093,5.000000000000004
127,5268.464513888889,7254.179097975739,44133.43069519797,81012.68229242018,5.000000000000004
128,8334.021869444445,9562.960285649924,67901.11337176104,126239.26645787216,5.0000000000000036
129,8437.890436111113,9134.082623191536,68199.31567596931,127264.54872874709,5.000000000000006
130,5290.919555555555,4908.349443679311,41944.7863325682,78981.22322145708,5.000000000000004
131,5339.786338888889,4769.627893983528,42148.13226620575,79526.63663842797,5.000000000000005
132,7301.266683333333,6427.379284336365,57536.246067669694,108645.11285100302,5.0000000000000036
133,5799.636969444445,7606.1715862155215,48203.63037232663,88801.08915843774,5.000000000000006
134,4564.862808333333,4053.262829860327,36007.30248819366,67961.342146527,5.0000000000000036
135,6249.393163888889,6397.611978109513,50143.36412533173,93889.11627255396,5.000000000000004
136,5419.157525,5913.435255796565,43847.53793079656,81781.64060579657,5.0000000000000036
137,8065.4725499999995,7138.1263600991815,63596.43421009918,120054.74206009919,5.0000000000000036
138,7846.470838888889,11299.348664954818,66224.64453717704,121149.94040939926,5.000000000000006
139,6391.290352777778,8362.457443581327,53101.489913025776,97840.52238247023,5.0000000000000036
140,7445.873883333334,7196.580117899574,59317.6973012329,111438.81448456625,5.000000000000004
141,5484.253124999999,5741.43459684407,44131.206471844074,82520.97834684407,5.000000000000004
142,4521.5633777777775,4239.446885030494,35890.390529474935,67541.33417391939,5.000000000000003
143,6319.054138888889,8262.038556480296,52495.41752870252,96728.79650092474,5.0000000000000036
144,7252.4524972222225,6380.90568262614,57148.07316318169,107915.24064373726,5.0000000000000036
145,7491.262411111111,7490.092510861484,59928.929388639255,112367.76626641705,5.000000000000004
146,8511.563713888889,9385.30531032284,68966.25130754506,128547.19730476727,5.000000000000004
147,8350.079877777778,7938.048693041442,66388.60783748589,124839.16698193032,5.0000000000000036
148,8787.099086111111,7586.6384461598045,69096.33204893759,130606.02565171536,5.0000000000000036
149,5492.659141666667,6979.67279240327,45428.28678406993,83876.9007757366,5.000000000000004
150,8540.36206388889,8129.309064276666,67911.8435114989,127694.37795872112,5.0000000000000036
151,7200.8521,7417.061442496444,57823.02614249644,108228.99084249645,5.000000000000005
152,5579.788905555555,8034.00356673757,47092.525905626455,86151.04824451535,5.0000000000000036
153,6389.8221,9448.771935031167,54177.52663503117,98906.28133503118,5.0000000000000036
154,8995.145958333333,9329.278170230398,72295.29987856373,135261.32158689707,5.000000000000004
155,6605.916872222222,8219.460751940267,54460.87885749582,100702.29696305137,5.0000000000000036
156,6697.455677777778,10909.625680706133,57791.81542515058,104674.00516959502,5.0000000000000036
157,10088.156705555557,11166.442438481574,81783.53937737046,152400.63631625936,5.000000000000003
158,8021.112597222222,6520.86088045858,62668.64906101414,118816.43724156969,5.000000000000004
159,7584.8156222222215,8848.968056340766,61942.67741189632,115036.38676745188,5.000000000000002
160,5564.517508333333,5347.585625056858,44299.20818339019,83250.83074172352,5.000000000000005
161,7534.784558333334,5650.195480031911,58393.687388365244,111137.17929669858,5.000000000000008
162,7785.679316666666,10296.537120609522,64796.29233727619,119296.04755394284,5.0000000000000036
163,6603.792083333334,4301.928249671131,50528.47283300446,96755.0174163378,5.000000000000005
164,6614.515580555556,8850.52863368023,55152.137697569124,101453.74676145801,5.0000000000000036
165,3816.3161944444446,3584.0655597843634,30298.27892089547,57012.492282006584,5.000000000000004
166,5695.674347222222,5017.7618392919285,44887.48226984748,84757.20270040304,5.000000000000004
167,9430.771194444444,12981.690577548647,78997.08893865976,145012.48729977087,5.000000000000004
168,7532.071811111112,9464.857416356943,62189.360094134725,114913.8627719125,5.0000000000000036
169,6054.970316666667,6285.690274948646,48670.482491615316,91055.27470828198,5.000000000000008
170,4145.764066666667,4773.698750739143,33794.04721740581,62814.39568407248,5.0000000000000036
171,8305.634308333334,10480.307157033198,68619.74731536653,126759.18747369986,5.000000000000005
172,6807.165619444445,3693.302192392186,51343.4615285033,98993.62086461441,5.000000000000006
173,7945.201083333333,8864.980441798103,64481.38802513144,120097.79560846476,5.0000000000000036
174,6127.453030555555,3946.7520587354334,46838.92327262432,89731.09448651322,5.000000000000003
175,6100.739094444445,5476.465453679238,48181.63911479035,90886.81277590146,5.000000000000006
176,5158.748986111112,7097.208666392814,43208.4515691706,79319.69447194837,5.0000000000000036
177,3752.027786111111,5924.359916501864,32188.55441927964,58452.74892205742,5.000000000000004
178,9946.699802777779,11551.253496359619,81178.15211580407,150805.05073524851,5.000000000000004
179,7405.565794444444,9355.421363640722,61194.38192475183,113033.34248586294,5.0000000000000036
180,7208.412502777778,7238.548928910559,57697.436448355,108156.32396779946,5.0000000000000036
181,6196.109480555556,9976.9035318696,53349.66989575849,96722.43625964738,5.000000000000004
182,5501.855669444445,5728.417676106008,44241.40736221711,82754.39704832823,5.0000000000000036
183,6900.255106451613,15409.396467338378,63711.18221249967,112012.96795766096,5.000000000000003
184,6740.944222222222,6902.590273882075,54089.199829437624,101275.80938499319,5.000000000000006
185,6538.919347222222,7741.507759519922,53513.94319007548,99286.37862063103,5.000000000000004
186,3876.4363500000004,4040.4842446351595,31175.538694635165,58310.59314463517,5.000000000000004
187,6224.918963888889,7082.036854349664,50656.46960157188,94230.9023487941,5.000000000000004
188,5252.505458333333,6573.389243675589,43340.927452008924,80108.46566034226,5.000000000000004
189,8213.900413888889,8412.331347097985,65909.6342443202,123406.93714154242,5.000000000000004
190,7611.298627777778,6562.3714132653695,59841.46180770982,113120.55220215426,5.000000000000002
191,6632.318027777777,4775.5367772522795,51201.76297169672,97627.98916614117,5.0000000000000036
192,12799.619666666667,12218.709381179686,101816.04704784635,191413.384714513,5.000000000000004
193,5154.4134416666675,7222.603667562995,43303.49775922966,79384.39185089634,5.0000000000000036
194,4948.270036111111,3262.892415624852,37900.78266840263,72538.6729211804,5.000000000000002
195,10700.00281111111,9888.058983945368,84788.07866172314,159688.09833950092,5.000000000000006
196,5287.9180166666665,6083.591680486263,43099.017797152934,80114.44391381959,5.0000000000000036
197,6686.827183333333,6928.5028532510805,53736.29313658441,100544.08341991775,5.000000000000006
198,2868.464827777778,6393.949243184087,26473.203037628533,46552.456832072974,5.000000000000004
199,8290.750719444444,8581.316941199366,66616.57197731048,124651.8270134216,5.000000000000006
200,7818.209333333334,6472.044997631703,61199.51033096503,115926.97566429837,5.0000000000000036
201,5649.995213888888,4698.090104610263,44248.05660183248,83798.02309905471,5.0000000000000036
202,6377.615322222223,4881.101685960405,49524.40894151596,94167.71619707152,5.0000000000000036
203,6899.216411111111,6603.10081340024,54897.61569117802,103192.13056895579,5.000000000000004
204,5498.882808333333,4429.543080206409,42921.72273853974,81413.90239687308,5.000000000000004
205,6327.295744444444,7548.274463218415,51839.34467432953,96130.41488544064,5.000000000000006
206,8015.541361111111,10948.015066305717,67056.8045940835,123165.59412186127,5.000000000000005
207,11005.53948611111,14015.876941969818,91054.6533447476,168093.42974752537,5.000000000000005
208,3004.978433333333,2760.2470121590445,23795.096045492377,44829.945078825716,5.000000000000004
209,5666.867245238095,8407.958417948767,48076.02913461543,87744.09985128211,5.000000000000004
210,3017.512925,3295.7170125819266,24418.30748758193,45540.89796258193,5.000000000000006
211,13842.211388888889,15643.436266699146,112538.91598892136,209434.3957111436,5.0000000000000036
212,4620.166752777778,5067.409950442273,37408.57721988672,69749.74448933116,5.0000000000000036
213,8877.024119444446,9778.290202871505,71917.45903898262,134056.62787509372,5.000000000000006
214,9745.43225,9038.874336588886,77256.90008658888,145474.92583658887,5.000000000000003
215,6130.6561972222225,7223.496062463874,50138.08944301943,93052.68282357499,5.000000000000005
216,6699.954422222222,6499.978583603009,53399.659539158565,100299.34049471412,5.000000000000006
217,4967.498327777777,4273.440954817326,39045.92924926177,73818.41754370621,5.000000000000008
218,4706.5136250000005,6581.651178845168,39527.246553845165,72472.84192884517,5.0000000000000036
219,3184.137505555556,3628.1539619656874,25917.116500854576,48206.07903974347,5.000000000000004
220,4821.992830555555,5511.575285896904,39265.525099785795,73019.47491367468,5.000000000000006
221,6143.22845,5040.726092920492,48043.325242920495,91045.9243929205,5.0000000000000036
222,4989.9737583333335,6658.091365114506,41587.90767344784,76517.72398178118,5.0000000000000036
223,7352.607613888889,8631.941601806631,60100.19489902885,111568.44819625108,5.0000000000000036
224,7471.873563888888,7722.547516593782,60025.662463816,112328.77741103823,5.0000000000000036
225,5299.8765277777775,5740.647707317158,42839.783401761604,79938.91909620604,5.0000000000000036
226,6624.188913888889,6735.840949829814,53105.16334705203,99474.48574427427,5.000000000000005
227,6454.288016666666,6568.782356553134,51748.7984732198,96928.81458988646,5.0000000000000036
228,8579.418833333333,6281.5770100618065,66337.50884339513,126393.44067672847,5.000000000000004
229,9163.606469444443,9666.816172758683,73812.0614588698,137957.30674498092,5.0000000000000036
230,7821.614316666667,7259.812066351566,62011.112283018236,116762.4124996849,5.000000000000004
231,4853.2455222222225,4952.944276151913,38925.66293170747,72898.38158726302,5.000000000000004
232,3865.4667444444444,3842.6317233030504,30900.898934414163,57959.16614552527,5.000000000000004
233,9444.433516666666,7242.447879033854,73353.48249570052,139464.5171123672,5.000000000000004
234,10799.580105555557,14987.862235660526,90584.92297454941,166181.9837134383,5.000000000000006
235,5412.638130555556,8662.229213749279,46550.69612763817,84439.16304152706,5.0000000000000036
236,7341.984588888889,8629.74226492885,60023.63438715107,111417.52650937329,5.000000000000004
237,4687.5799777777775,3160.2216956970246,35973.28154014147,68786.3413845859,5.000000000000006
238,7333.470155555556,7683.3995381379245,59017.69062702681,110351.9817159157,5.000000000000003
239,5447.4703805555555,5894.986932920395,44027.27959680928,82159.57226069817,5.0000000000000036
240,4919.234008333334,4490.25770285308,38924.89576118641,73359.53381951974,5.000000000000004
241,6721.755402777778,5839.510291388823,52891.79811083327,99944.08593027771,5.000000000000003
242,4131.458447222222,6205.60438863057,35125.81351918613,64046.02264974168,5.0000000000000036
243,6637.7733638888885,9385.099672615883,55849.5132198381,102313.92676706033,5.000000000000004
244,5490.126786111111,9405.623237795247,47836.51074057302,86267.3982433508,5.000000000000004
245,9207.712833333333,5884.682885475012,70338.67271880835,134792.6625521417,5.000000000000006
246,7140.696580555556,6656.0795994783575,56640.95566336725,106625.83172725613,5.000000000000005
247,8012.180375,9295.849454071962,65381.112079071965,121466.37470407196,5.0000000000000036
248,7777.986238888889,6964.294656368463,61410.19832859068,115856.10200081291,5.0000000000000036
249,5432.5673611111115,4839.582373271929,42867.55390104971,80895.52542882749,5.000000000000005
250,8878.800058333332,10583.300308874524,72734.90071720786,134886.50112554117,5.0000000000000036
251,19012.017305555557,15009.403533456278,148093.52467234517,281177.6458112341,5.000000000000004
252,10836.997777777777,12484.831500884125,88343.81594532858,164202.800389773,5.0000000000000036
253,5734.226733333333,9141.346491965725,49280.933625299054,89420.5207586324,5.000000000000007
254,3107.2503888888887,3436.142165427483,25186.8948876497,46937.64760987193,5.000000000000005
255,6569.724324999999,5795.564075258899,51783.6343502589,97771.7046252589,5.0000000000000036
256,8360.6443,9531.650510611546,68056.16061061155,126580.67071061155,5.000000000000005
257,4839.464808333334,6149.6640065574875,40025.917664890825,73902.17132322415,5.0000000000000036
258,5698.993558333333,5426.123986661632,45319.078894994964,85212.0338033283,5.000000000000006
259,12948.571130952381,10809.137228242349,101449.13514490903,192089.13306157567,5.000000000000005
260,6216.400372222222,2839.5335034307163,46354.33610898627,89869.13871454183,5.000000000000006
261,12541.470874999999,18723.38059244433,106513.67671744432,194303.97284244432,5.0000000000000036
262,20751.72985714286,19287.802493291398,164549.91149329138,309812.02049329143,5.000000000000006
263,4204.080180555556,3731.5163092885364,33160.07757317743,62588.63883706631,5.000000000000003
264,6551.665536111111,8477.438032844224,54339.096785622,100200.75553839977,5.0000000000000036
265,5294.300886111111,8481.012491109377,45541.118693887154,82601.22489666492,5.000000000000004
266,4112.565466666667,4136.780617809349,32924.73888447601,61712.697151142675,5.000000000000006
267,8594.356669444443,7699.1207958569385,67859.61748196805,128020.11416807916,5.000000000000004
268,4810.076197222222,6683.456982106721,40353.990362662276,74024.52374321784,5.000000000000003
269,8604.945227777778,13515.01909881086,73749.6356932553,133984.25228769972,5.000000000000004
270,9784.154275,7186.918980198821,75675.99890519882,144165.07883019882,5.0000000000000036
271,8026.796355555555,15563.561831308076,71751.13632019697,127938.71080908585,5.0000000000000036
272,6176.071422222222,9884.068150840823,53116.568106396386,96349.06806195194,5.0000000000000036
273,7914.454475,9145.121176366825,64546.30250136682,119947.48382636682,5.000000000000006
274,5676.555838095238,5403.514717470278,45139.40558413694,84875.29645080361,5.000000000000004
275,6482.720625,7274.833399113947,52653.87777411394,98032.92214911395,5.000000000000004
276,3633.753113888889,4589.669431907589,30025.94122912981,55462.21302635203,5.000000000000006
277,6113.858230555556,6375.736444817204,49172.74405870609,91969.75167259498,5.0000000000000036
278,7201.546713888889,7819.02491796858,58229.8519151908,108640.67891241302,5.000000000000004
279,9992.754111111111,15286.322350718026,85235.60112849581,155184.87990627356,5.000000000000004
280,6176.931447222222,4695.525771481589,47934.04590203715,91172.5660325927,5.000000000000004
281,6010.469230555555,4684.775615602428,46758.06022949131,88831.34484338021,5.0000000000000036
282,4533.745466666666,5061.99317589834,36798.21144256501,68534.42970923167,5.000000000000006
283,7595.379491666667,6688.801612014506,59856.45805368117,113024.11449534784,5.000000000000007
284,5339.0615,6253.6138435418925,43627.04434354189,81000.4748435419,5.0000000000000036
285,5336.128655555555,4834.011884734402,42186.91247362329,79539.81306251218,5.000000000000001
286,3687.171825,6754.499664946104,32564.702439946104,58374.905214946106,5.000000000000006
287,7952.504269444444,5823.584544613896,61491.11443072501,117158.6443168361,5.000000000000005
288,5418.137144444445,6429.78179678036,44356.74180789147,82283.70181900258,5.0000000000000036
289,5811.381002777777,5259.790617127441,45939.45763657188,86619.12465601633,5.000000000000005
290,7250.478936111112,9794.33003173678,60547.68258451456,111301.03513729233,5.0000000000000036
291,7832.415072222222,10663.125703618234,65490.031209173794,120316.93671472935,5.000000000000004
292,7921.281361111111,16321.19397831985,71770.16350609763,127219.1330338754,5.000000000000004
293,6134.892627777777,7185.272988569981,50129.52138301442,93073.76977745887,5.0000000000000036
294,6157.137030555556,7774.685877602429,50874.645091491315,93974.6043053802,5.0000000000000036
295,5887.25276388889,5714.115308701574,46924.88465592379,88135.65400314602,5.0000000000000036
296,6709.301597222223,7599.321977921042,54564.4331584766,101529.54433903216,5.000000000000004
297,6973.665858333333,8350.337455451894,57165.99846378523,105981.65947211855,5.0000000000000036
298,8242.420058333333,7087.428485210406,64784.36889354374,122481.30930187709,5.000000000000004
299,7849.793361904762,8528.099370288268,63476.65290362161,118425.20643695493,5.0000000000000036
300,7381.118455555556,7130.7801024895725,58798.60929137846,110466.43848026736,5.0000000000000036
301,5403.601202777778,4686.03397964915,42511.24239909359,80336.45081853803,5.000000000000004
302,3826.3075333333336,3847.7383776464276,30631.89111097976,57416.0438443131,5.000000000000005
303,6308.715980555556,6603.4353507323,50764.44721462119,94925.45907851009,5.000000000000004
304,6673.110891666667,7595.140743713803,54306.91698538047,101018.69322704714,5.0000000000000036
305,6280.141941666667,6819.403747240991,50780.39733890766,94741.39093057433,5.000000000000004
306,4420.925444444444,4769.524323212047,35716.00243432316,66662.48054543427,5.000000000000004
307,2764.4528499999997,4111.876287180269,23463.046237180268,42814.21618718027,5.000000000000006
308,8910.340961111111,10449.318798478598,72821.70552625638,135194.09225403416,5.0000000000000036
309,7020.8618027777775,8437.869860010305,57583.90247945475,106729.9350988992,5.0000000000000036
310,8341.680604761905,13762.069305658926,72153.83353899226,130545.5977723256,5.000000000000004
311,6776.212033333333,6655.082152783316,54088.56638611665,101522.05061944999,5.000000000000003
312,5449.254522222222,6771.820942655555,44916.60259821112,83061.38425376668,5.0000000000000036
313,7004.733055555555,9196.764622901961,58229.89601179085,107263.02740067973,5.000000000000004
314,4998.414591666667,5828.756776720824,40817.65891838749,75806.56106005417,5.000000000000004
315,4314.900344444444,4968.446131033975,35172.74854214509,65377.0509532562,5.000000000000004
316,10585.194852777779,11856.583010930912,85952.94698037536,160049.3109498198,5.000000000000005
317,5483.1942055555555,5235.582678191493,43617.94211708038,82000.30155596927,5.000000000000004
318,7416.117580555556,8188.697973297366,60101.52103718625,112014.34410107514,5.0000000000000036
319,7354.974922222223,6385.623369238085,57870.44782479364,109355.27228034919,5.000000000000006
320,14614.837388888887,14106.177826202642,116410.03954842486,218713.90127064707,5.000000000000004
321,6061.557963888889,5420.61123042321,47851.51697764543,90282.42272486765,5.000000000000005
322,5251.270380555555,9016.237040341111,45775.12970423,82534.0223681189,5.000000000000004
323,7519.283172222223,6155.7225515658465,58790.704757121406,111425.68696267696,5.0000000000000036
324,5387.226977777778,10056.464790968374,47767.05363541281,85477.64247985726,5.000000000000005
325,6123.3680722222225,7133.535999747724,49997.11250530328,92860.68901085883,5.000000000000004
326,5431.215752777778,5218.029266205001,43236.53953564944,81255.04980509389,5.0000000000000036
327,7761.992052777777,8814.524813255333,63148.46918269977,117482.41355214424,5.000000000000006
328,4495.343572222222,5133.358115327236,36600.763120882795,68068.16812643834,5.000000000000005
329,7041.200883333334,8856.1203567391,58144.52654007243,107432.93272340577,5.0000000000000036
330,4141.600358333333,3954.9027069439344,32946.10521527726,61937.3077236106,5.000000000000005
331,5583.471891666666,6001.998150120646,45086.30139178731,84170.60463345397,5.0000000000000036
332,3598.2810194444446,5281.996456747512,30469.96359285862,55657.93072896973,5.000000000000003
333,9956.711075000001,9259.465621286889,78956.44314628688,148653.42067128688,5.000000000000006
334,5374.371994444445,4225.7390185501245,41846.34297966123,79466.94694077235,5.000000000000004
335,13992.344180952381,22932.542958644608,120878.95222531127,218825.36149197794,5.000000000000005
336,13291.640833333333,14392.020413074117,107433.50624640746,200474.99207974077,5.000000000000006
337,5221.979388888889,3875.9368683112957,40429.79259053352,76983.64831275574,5.000000000000005
338,6799.259377777777,8020.41439596179,55615.23004040624,103210.04568485069,5.000000000000005
339,5310.390547222221,5120.260951734234,42292.99478228979,79465.72861284536,5.000000000000004
340,6819.7656916666665,7858.995099004316,55597.35494067098,103335.71478233764,5.000000000000005
341,5776.195227777778,5868.43651461738,46301.803109061824,86735.16970350627,5.000000000000005
342,11324.295652777779,9378.37428735692,88648.44385680136,167918.5134262458,5.000000000000003
343,8095.785680555556,9628.055306293329,66298.55507018222,122969.05483407111,5.000000000000004
344,9602.267491666666,12551.129471069891,79767.00191273655,146982.8743544032,5.000000000000005
345,4144.27565,4608.430766174557,33618.360316174556,62628.28986617456,5.0000000000000036
346,7832.580455555556,6875.655965468113,61703.71915435701,116531.78234324588,5.000000000000004
347,5213.656425,4036.2602711199984,40531.855246119994,77027.45022112,5.0000000000000036
348,8794.574147222222,6235.176122887448,67797.195153443,129359.21418399856,5.000000000000004
349,8644.286105555555,4770.355525182314,65280.358264071205,125790.36100296008,5.0000000000000036
350,6977.913583333333,8347.13358598429,57192.528669317624,106037.92375265095,5.000000000000004
351,6269.237130555555,6219.562244118425,50104.22215800732,93988.88207189621,5.0000000000000036
352,6609.318402777778,4921.973823055695,51187.20264250014,97452.43146194458,5.000000000000002
353,6891.118304761904,6028.445267957255,54266.273401290586,102504.10153462391,5.000000000000004
354,8562.692861111113,8192.27704447686,68131.12707225463,128069.97710003241,5.000000000000004
355,9000.198383333332,8971.8150400621,71973.20372339543,134974.59240672877,5.0000000000000036
356,6240.086233333333,4242.037152136124,47922.64078546946,91603.24441880279,5.000000000000004
357,7847.1029055555555,8217.679436670162,63147.39977555905,118077.12011444794,5.000000000000005
358,10004.022891666666,11027.062137610224,81055.2223792769,151083.38262094356,5.000000000000004
359,6469.1025666666665,5135.298715679499,50419.01668234616,95702.73464901284,5.000000000000003
360,6858.087525,7919.894537540344,55926.50721254034,103933.11988754035,5.000000000000004
361,6214.645969444445,6842.938328099988,50345.460114211106,93847.98190032221,5.000000000000003
362,9167.654955555556,9010.298136666017,73183.8828255549,137357.4675144438,5.000000000000004
363,7181.265422222223,6891.695761723742,57160.5537172793,107429.41167283485,5.000000000000004
364,5180.698361111111,5125.698218681675,41390.58674645945,77655.47527423724,5.0000000000000036
365,5351.589794444444,5488.718727176551,42949.84728828767,80410.97584939878,5.0000000000000036
366,6023.9558777777775,8397.389922198085,50565.081066642524,92732.77221108698,5.000000000000004
367,5497.082758333334,7163.469786208685,45643.04909454202,84122.62840287534,5.0000000000000036
368,10125.947441666667,15311.503422787626,86193.13551445429,157074.76760612096,5.0000000000000036
369,6358.685388888889,5778.442136301311,50289.239858523535,94800.03758074576,5.000000000000001
370,8143.947541666666,8487.77322756166,65495.40601922833,122503.03881089498,5.000000000000005
371,6545.27045,8005.185996999615,53822.07914699961,99638.97229699961,5.000000000000004
372,9684.733661111111,10701.073893201514,78494.20952097929,146287.34514875707,5.000000000000003
373,4569.742711111111,3293.927321282742,35282.12629906052,67270.3252768383,5.000000000000007
374,7182.244502777778,8234.859482452435,58510.57100189688,108786.28252134132,5.000000000000003
375,9492.910372222223,15521.828021510482,81972.20062706603,148422.5732326216,5.000000000000006
376,7999.622797222222,10625.948751674918,66623.30833223047,122620.66791278603,5.000000000000004
377,8069.713424999999,8535.453133429932,65023.44710842994,121511.44108342992,5.000000000000004
378,7111.263,6418.400351465996,56197.241351466,105976.082351466,5.000000000000004
379,4106.402983333333,4468.4545599129,33213.27544324623,61958.09632657957,5.000000000000004
380,14672.292666666666,13150.395841393145,115856.44450805982,218562.4931747265,5.000000000000001
381,9058.642666666667,10227.82946927269,73638.32813593936,137048.82680260603,5.000000000000004
382,7833.495183333334,9467.101275156567,64301.56755848989,119136.03384182323,5.000000000000004
383,16362.0335,11158.612931625852,125692.84743162587,240227.08193162584,5.000000000000006
384,9313.73781111111,12035.181703391017,77231.3463811688,142427.51105894658,5.0000000000000036
385,6992.5073555555555,8601.932642943888,57549.484131832774,106497.03562072167,5.000000000000004
386,7229.968805555556,8278.54354068752,58888.32517957641,109498.1068184653,5.000000000000004
387,9535.215433333333,11249.216493217353,77995.72452655068,144742.23255988403,5.000000000000004
388,10215.618591666665,10633.055091519298,82142.38523318597,153651.71537485265,5.000000000000005
389,10958.166844444444,10517.64394869758,87224.81185980869,163931.9797709198,5.0000000000000036
390,11643.162861111112,12776.393579992298,94278.53360777008,175780.67363554786,5.000000000000008
391,5458.243988888888,8108.132319622532,46315.84024184475,84523.54816406698,5.000000000000005
392,7371.148188888889,10001.564011846178,61599.60133406839,113197.63865629063,5.0000000000000036
393,6102.807602777778,6355.129186977541,49074.78240642199,91794.43562586643,5.000000000000004
394,8576.725108333332,8788.72650436123,68825.80226269456,128862.8780210279,5.0000000000000036
395,4056.433011111111,3972.2220174524355,32367.25309523021,60762.28417300799,5.000000000000002
396,10445.42123888889,14008.803629565307,87126.75230178754,160244.70097400976,5.000000000000006
397,6067.702355555555,7393.824444116179,49867.740933005065,92341.65742189396,5.0000000000000036
398,5435.462641666667,6761.738093624223,44809.97658529089,82858.21507695755,5.0000000000000036
399,5907.845916666667,6273.041729398279,47627.96314606495,88982.88456273162,5.000000000000004
400,8814.036558333333,12121.919731521777,73820.17563985511,135518.43154818844,5.000000000000004
401,7533.632366666668,11567.704901045076,64303.13146771173,117038.55803437841,5.000000000000005
402,5790.281013888889,5797.2152382126305,46329.18233543485,86861.14943265708,5.0000000000000036
403,7863.911527777778,7835.10816971622,62882.488864160674,117929.8695586051,5.000000000000003
404,5021.965008333334,5928.718636493733,41082.473694827066,76236.2287531604,5.000000000000004
405,4671.860319444445,7710.571089805673,40413.59332591679,73116.6155620279,5.000000000000004
406,7087.478963888889,6874.589873876965,56486.94262109919,106099.29536832141,5.0000000000000036
407,4187.172033333333,3335.448868712393,32645.653102045722,61955.85733537906,5.000000000000005
408,4834.580416666667,4505.982030929776,38348.04494759644,72190.1078642631,5.000000000000004
409,6205.546075,6553.020938744692,49991.84346374469,93430.66598874469,5.0000000000000036
410,6673.03945,8215.614864538824,54926.89101453883,101638.16716453881,5.0000000000000036
411,9411.29501388889,9947.633890048804,75826.69898727103,141705.76408449325,5.000000000000006
412,9116.705558333335,9156.489900945426,72973.42880927876,136790.3677176121,5.000000000000005
413,6921.384236111111,7358.951000755185,55808.64065353296,104258.33030631073,5.000000000000005
414,6678.249497222223,5982.974615943271,52730.721096498826,99478.46757705438,5.000000000000004
415,6082.860891666667,7655.780346754236,50235.806588420906,92815.83283008757,5.000000000000004
416,11179.39025,9601.295974717244,87857.02772471723,166112.75947471723,5.0000000000000036
417,7215.9755138888895,9975.521060448176,60487.3496576704,110999.17825489263,5.0000000000000036
418,5210.253169444444,7577.105245546488,44048.8774316576,80520.64961776871,5.000000000000004
419,5266.308166666667,6095.785602026891,42959.94276869356,79824.09993536022,5.0000000000000036
420,5052.6069916666665,3773.138652390948,39141.38759405762,74509.63653572429,5.000000000000004
421,9608.67413611111,9082.868422735935,76343.58737551371,143604.30632829148,5.000000000000004
422,4325.384738888889,3108.2019868961884,33385.89515911841,63663.58833134063,5.000000000000005
423,12110.478892857142,9531.473224678592,94304.8254746786,179078.1777246786,5.000000000000007
424,7659.587591666666,7674.776268381315,61291.88941004799,114909.00255171464,5.000000000000007
425,3437.6773583333334,3858.879491558495,27922.620999891828,51986.36250822517,5.000000000000006
426,5018.408027777778,5481.928821898009,40610.78501634245,75739.6412107869,5.000000000000005
427,7371.005133333333,11271.71592979315,62868.75186312649,114465.78779645982,5.0000000000000036
428,6442.953622222222,5397.702382557842,50498.3777381134,95599.05309366895,5.000000000000005
429,5251.367358333333,5336.545284329355,42096.11679266269,78855.68830099603,5.000000000000005
430,8381.403480555555,6801.9729085384115,65471.797272427306,124141.62163631618,5.000000000000002
431,9876.830469444445,8349.539162807856,77487.35244891896,146625.16573503008,5.0000000000000036
432,11557.756805555555,11045.112587365282,91949.41022625417,172853.70786514308,5.000000000000006
433,5273.034452380952,8949.897804924942,45861.13897159161,82772.38013825828,5.0000000000000036
434,10185.189386111111,7886.503268057377,79182.82897083515,150479.15467361294,5.0000000000000036
435,3175.4848527777776,3569.741964061298,25798.135933505742,48026.52990295019,5.0000000000000036
436,5457.0891,5406.862702478861,43606.486402478855,81806.11010247885,5.000000000000005
437,7155.105775,8047.313367605904,58133.053792605904,108218.7942176059,5.000000000000005
438,5702.030513888889,8499.3033356963,48413.51693291852,88327.73053014075,5.0000000000000036
439,7017.916741666667,8317.163512323095,57442.58070398976,106567.99789565643,5.0000000000000036
440,5321.805547222222,5983.635108785227,43236.27393934078,80488.91276989634,5.0000000000000036
441,6839.1713500000005,6146.811391839433,54021.01084183944,101895.21029183944,5.000000000000006
442,4452.133708333333,5189.611561292208,36354.54751962554,67519.48347795889,5.0000000000000036
443,5228.646791666667,5754.79102448398,42355.31856615064,78955.84610781731,5.0000000000000036
444,11534.181499999999,9309.057706311862,90048.32820631185,170787.59870631187,5.000000000000006
445,8470.309933333332,7428.80557905592,66720.97511238925,126013.14464572258,5.000000000000001
446,4557.253480555555,6432.356243412496,38333.130607301384,70233.90497119028,5.0000000000000036
447,5315.012169444444,4041.7725559819914,41246.8577420931,78451.94292820421,5.000000000000007
448,8763.213280555556,9250.858071182047,70593.35103507094,131935.84399895984,5.0000000000000036
449,10447.898136111111,13074.153152041717,86209.4401048195,159344.72705759725,5.000000000000007
450,8859.052180555555,8279.751345003588,70293.11660889248,132306.48187278135,5.0000000000000036
451,5691.902011111111,5994.028972765768,45837.343050543546,85680.65712832131,5.000000000000004
452,4699.440177777778,6667.444168477824,39563.52541292227,72459.6066573667,5.000000000000004
453,9657.030907142858,11879.673472386998,79478.88982238699,147078.106172387,5.000000000000004
454,5935.330208333334,9890.175296227033,51437.48675456037,92984.79821289371,5.000000000000006
455,7673.914833333333,6853.552068693982,60570.955902027315,114288.35973536066,5.0000000000000036
456,6023.454522222222,7102.74299670407,49266.92465225962,91431.10630781518,5.000000000000004
457,5429.816802777777,5732.665594092435,43741.38321353688,81750.10083298133,5.000000000000004
458,7285.182269444445,8096.334411461499,59092.61029757262,110088.88618368372,5.0000000000000036
459,9220.477466666667,12078.045118237846,76621.3873849045,141164.72965157116,5.0000000000000036
460,3808.3248027777777,6210.895979020525,32869.16959846497,59527.443217909415,5.000000000000004
461,4489.417105555555,4546.9352661721205,35972.85500506101,67398.7747439499,5.000000000000005
462,4536.690761111111,5956.933080212003,37713.76840798978,69470.60373576755,5.000000000000005
463,6207.5238500000005,7764.377218658315,51217.044168658314,94669.71111865832,5.000000000000006
464,10278.918563888888,6961.340537082546,78913.77048430477,150866.200431527,5.000000000000004
465,7959.473413888889,8744.33293367501,64460.64683089723,120176.96072811946,5.000000000000007
466,7905.286922222222,10871.19147758293,66208.19993313849,121545.20838869404,5.000000000000004
467,13663.70863888889,11497.05627415303,107143.01674637526,202788.9772185975,5.0000000000000036
468,5901.720183333334,5935.847533854462,47247.88881718779,88559.93010052113,5.0000000000000036
469,11461.225722222222,12507.630683859257,92736.21073941482,172964.79079497035,5.000000000000004
470,12027.542819444445,11035.253370937806,95228.05310704891,179420.85284316004,5.000000000000002
471,6873.926222222222,5883.782605757031,54001.26616131259,102118.74971686814,5.0000000000000036
472,5183.813708333333,4658.298719458086,40944.994677791416,77231.69063612475,5.0000000000000036
473,3412.8029138888887,4386.368910858527,28275.98930808075,52165.609705302966,5.000000000000005
474,7579.372083333334,9215.637587675215,62271.242171008555,115326.84675434188,5.0000000000000036
475,6386.714202777777,6061.885516389487,50768.884935833936,95475.88435527838,5.000000000000006
476,5908.293305555556,8759.438083916788,50117.49122280567,91475.54436169456,5.000000000000004
477,6376.4284472222225,6608.757058484485,51243.75618904005,95878.7553195956,5.000000000000004
478,6743.206719444444,8340.036932872079,55542.48396898319,102744.9310050943,5.0000000000000036
479,11114.410827777778,11687.480402682435,89488.35619712688,167289.23199157132,5.000000000000004
480,4669.55625,6736.260753903572,39423.15450390357,72110.04825390357,5.000000000000004
481,5702.7812861111115,6222.792726418691,46142.26172919647,86061.73073197425,5.000000000000005
482,7454.929688888888,6866.483677898591,59050.991500120814,111235.49932234304,5.0000000000000036
483,5058.062386111112,8827.853785917787,44234.290488695566,79640.72719147334,5.0000000000000036
484,7436.452075,6296.76583095509,58351.9303559551,110407.09488095509,5.000000000000005
485,5215.2029,4645.378607321432,41151.798907321434,77658.21920732144,5.0000000000000036
486,4414.3725138888885,5954.581819321204,36855.18941654343,67755.79701376565,5.000000000000004
487,7111.265755555555,6373.1094763690235,56151.96976525791,105930.8300541468,5.0000000000000036
488,3658.680036111111,3612.545209092523,29223.3054618703,54834.06571464808,5.0000000000000036
489,7652.7719916666665,13713.41301544695,67282.81695711362,120852.22089878027,5.0000000000000036
490,7862.622830555556,4867.686257858807,59906.046071747696,114944.40588563659,5.0000000000000036
491,6872.502822222222,7299.420229202864,55406.93998475841,103514.45974031398,5.000000000000005
492,7678.0772,7850.859435681286,61597.39983568128,115343.9402356813,5.000000000000007
493,9135.934083333334,9626.344990670203,73577.88357400353,137529.42215733684,5.0000000000000036
494,7588.478749999999,7373.6199385062055,60492.9711885062,113612.3224385062,5.000000000000005
495,5417.679944444444,6499.2506798141,44423.01029092521,82346.76990203632,5.000000000000004
496,7805.900419444444,9318.012292187848,63959.315228298954,118600.61816441006,5.0000000000000036
497,8566.273841666667,8031.531507254851,67995.44839892152,127959.36529058818,5.000000000000006
498,6873.074377777778,3843.783432491504,51955.30407693595,100066.8247213804,5.000000000000004
499,5531.254219444444,5092.964945562972,43811.74448167408,82530.5240177852,5.000000000000006
500,6036.456108333334,4107.89255308294,46363.085311416275,88618.2780697496,5.000000000000003
501,4797.816216666667,5155.19851634728,38739.91203301395,72324.62554968061,5.000000000000005
502,10115.691130555555,11273.445089277775,82083.28300316667,152893.12091705555,5.000000000000007
503,6996.446594444445,8742.265542954747,57717.391704065856,106692.51786517697,5.000000000000004
504,6683.005175,6030.360591840363,52811.396816840366,99592.43304184037,5.0000000000000036
505,4930.084805555555,5657.696043863715,40168.2896827526,74678.8833216415,5.000000000000004
506,7253.474511111111,9308.782613476207,60083.10419125398,110857.42576903176,5.000000000000005
507,8751.057555555555,9663.570972521848,70920.97386141073,132178.37675029962,5.000000000000004
508,7362.783747222223,9414.902920287006,60954.38915084256,112493.87538139812,5.000000000000006
509,6059.0075027777775,8592.349763964476,51005.40228340893,93418.45480285336,5.0000000000000036
510,8456.227791666666,10239.544310896645,69433.13885256331,128626.73339422996,5.000000000000004
511,5507.926763888889,2955.1959085472763,41510.6832557695,80066.17060299173,5.0000000000000036
512,6545.19906904762,4929.732818012617,50746.12630134595,96562.51978467929,5.000000000000004
513,17080.546888888886,13610.138460448914,133173.96668267113,252737.79490489338,5.000000000000003
514,6065.494013888889,8001.991481927013,50460.44957914923,92918.90767637145,5.0000000000000036
515,9264.746394444444,7548.367106538085,72401.59186764919,137254.8166287603,5.000000000000004
516,6195.559844444444,7932.974801836941,51301.89371294805,94670.81262405917,5.0000000000000036
517,6234.572811111111,8643.406635418376,52285.416313196154,95927.42599097393,5.000000000000004
518,5974.621838888889,8759.498422727314,50581.851294949534,92404.20416717176,5.000000000000005
519,5256.680980555556,5973.950510841265,42770.71737473015,79567.48423861904,5.0000000000000036
520,4108.671319444445,3678.6196437470153,32439.318879858125,61200.01811596923,5.000000000000005
521,5108.488458333333,5181.094742731675,40940.513951065004,76699.93315939834,5.0000000000000036
522,8510.061091666666,8800.943360543064,68371.37100220974,127941.79864387639,5.000000000000005
523,13640.761222222221,8078.2589893243985,103563.58754487995,199048.9161004355,5.0000000000000036
524,7454.613278571429,11970.975722422063,64153.26867242206,116335.56162242206,5.000000000000006
525,9058.627611111111,6520.317141627223,69930.710419405,133341.10369718276,5.0000000000000036
526,10492.293694444445,13849.60765312489,87295.663514236,160741.7193753471,5.000000000000004
527,11252.538125,8418.458871751525,87186.22574675153,165953.99262175153,5.000000000000004
528,10915.175727777778,13145.389089111168,89551.61918355561,165957.84927800007,5.0000000000000036
529,8095.868863888889,7181.46405090211,63852.54609812432,120523.62814534655,5.000000000000006
530,5969.256083333334,5140.5660819837085,46925.35866531704,88710.15124865038,5.000000000000005
531,5060.859769444444,3551.4439277750976,38977.46231388621,74403.48069999732,5.0000000000000036
532,11116.984430555554,6965.418495441725,84784.3095093306,162603.2005232195,5.000000000000003
533,10572.77488888889,11219.688852820262,85229.11307504248,159238.5372972647,5.000000000000004
534,7622.420883333333,11429.586611649705,64786.53279498304,118143.47897831637,5.000000000000003
535,8391.187986111112,9653.550368148397,68391.86627092617,127130.18217370396,5.0000000000000036
536,8390.057963888888,9858.521930411967,68588.92767763419,127319.33342485642,5.0000000000000036
537,6069.189133333333,6515.364118582991,48999.688051916324,91484.01198524966,5.000000000000004
538,3829.421813888889,5093.929217731781,31899.881914954007,58705.83461217622,5.000000000000002
539,11091.955958333334,7105.465575435149,84749.15728376848,162392.84899210182,5.000000000000004
540,6867.578986111112,7391.504530052758,55464.55743283054,103537.61033560832,5.0000000000000036
541,6918.6947222222225,8606.2035911994,57037.06664675495,105467.92970231052,5.0000000000000036
542,6039.9338472222225,6228.019897065413,48507.55682762097,90787.09375817652,5.000000000000004
543,2728.145433333333,5388.961092583054,24485.979125916387,43582.99715924972,5.000000000000006
544,13326.250819444445,18226.557974732197,111510.3137108433,204794.0694469544,5.000000000000006
545,11313.784283333334,14851.853494129147,94048.34347746248,173244.8334607958,5.0000000000000036
546,14367.581916666668,9955.485013405376,110528.55843007205,211101.63184673872,5.000000000000004
547,5920.392369444444,4697.764519598155,46140.51110570927,87583.25769182037,5.000000000000004
548,4979.960016666667,5980.9059335138,40840.626050180465,75700.34616684713,5.000000000000004
549,4785.321936111111,3876.1421596631053,37373.395712440884,70870.64926521866,5.0000000000000036
550,5655.028711111111,6487.030651641335,46072.23162941911,85657.4326071969,5.000000000000004
551,6677.901630555555,7597.397121944097,54342.708535832986,101088.01994972187,5.0000000000000036
552,7785.730911111112,14969.899843222487,69470.01622100027,123970.13259877806,5.0000000000000036
553,7115.864997222223,8300.302430447004,58111.35741100256,107922.41239155811,5.0000000000000036
554,5434.697027777777,4121.251018217932,42164.13021266238,80207.00940710683,5.000000000000004
555,4734.193975,4896.383873017923,38035.741698017926,71175.09952301793,5.0000000000000036
556,7176.8975527777775,8178.53250784873,58416.815377293184,108655.09824673762,5.000000000000004
557,4169.6717499999995,4995.4178834046315,34183.120133404635,63370.82238340463,5.0000000000000036
558,3223.4774805555553,3146.145911532692,25710.48827542158,48274.830639310465,5.000000000000004
559,5856.199252777778,9711.310723141207,50704.70549258565,91698.1002620301,5.000000000000005
560,14466.137847222222,12678.617349728776,113941.58228028433,215204.5472108399,5.0000000000000036
561,7120.451938888889,7702.521435576952,57545.68500779918,107388.8485800214,5.0000000000000036
562,17292.752333333334,11736.665837687875,132785.9321710212,253835.19850435454,5.000000000000003
563,4581.159311111111,4373.755848533401,36441.87102631118,68509.98620408896,5.000000000000003
564,6239.717686111111,5020.66612193277,48698.68992471055,92376.71372748833,5.000000000000003
565,6688.2611916666665,7686.777554067075,54504.60589573374,101322.4342374004,5.0000000000000036
566,5386.164086111112,6235.2309243712525,43938.37952714903,81641.52812992681,5.0000000000000036
567,5033.738147222222,6175.544969967921,41411.71200052348,76647.87903107904,5.0000000000000036
568,5232.364616666667,4742.999551315182,41369.55186798185,77996.10418464852,5.0000000000000036
569,4454.683547222222,3494.2436988750414,34677.028529430594,65859.81335998615,5.0000000000000036
570,4046.9530166666664,5132.685032694226,33461.356149360894,61790.02726602756,5.0000000000000036
571,8038.365594444444,8064.154790065099,64332.713951176214,120601.27311228734,5.000000000000006
572,7191.18531111111,7755.6919226893415,58093.98910046712,108432.2862782449,5.000000000000004
573,3793.9409583333336,5470.5425877988855,32028.12929613222,58585.716004465554,5.000000000000004
574,9179.039361111112,9333.694671782629,73586.97019956041,137840.2457273382,5.0000000000000036
575,5279.188861111111,11774.297734935899,48728.61976271368,85682.94179049146,5.000000000000004
576,6606.233919444445,8114.350657858888,54357.98809397,100601.62553008112,5.000000000000006
577,4751.315513888889,4274.272350985013,37533.48094820723,70792.68954542946,5.0000000000000036
578,9553.46485,9862.3045008947,76736.55845089469,143610.8124008947,5.000000000000006
579,7997.136908333333,8834.727063250364,64814.685421583694,120794.64377991702,5.000000000000006
580,9450.452844444444,6320.650718841947,72473.82062995306,138626.99054106418,5.000000000000006
581,5020.677177777778,8287.530766714131,43432.27101115858,78577.01125560302,5.0000000000000036
582,6402.483205555556,7863.210727396615,52680.59316628551,97497.97560517439,5.0000000000000036
583,4120.380269444444,4941.602927493421,33784.26481360453,62626.92669971564,5.000000000000006
584,4923.495577777778,4778.44436866551,39242.913413109956,73707.3824575544,5.0000000000000036
585,4860.866411111111,5833.047556779235,39859.11243455701,73885.1773123348,5.000000000000006
586,15249.732541666666,12724.806672347688,119472.93446401434,226221.06225568103,5.000000000000006
587,10688.727758333333,10661.653279569677,85482.74758790301,160303.84189623635,5.000000000000004
588,6381.0364666666665,5389.146320928259,50056.401587594926,94723.65685426159,5.0000000000000036
589,4981.119130555556,7450.186307668499,42318.02022155739,77185.85413544628,5.000000000000004
590,5135.355238888889,4884.56969376958,40832.0563659918,76779.54303821403,5.0000000000000036
591,5645.100683333334,5008.805513122022,44524.51029645536,84040.21507978869,5.0000000000000036
592,4436.4220749999995,5393.278702208764,36448.23322720876,67503.18775220876,5.0000000000000036
593,9548.69818888889,9151.050373814292,75991.93769603652,142832.82501825874,5.000000000000004
594,4229.598016666667,5069.526183088087,34676.712299754756,64283.89841642141,5.000000000000005
595,14665.834222222222,13601.606775857224,116262.44633141278,218923.28588696834,5.000000000000004
596,4733.871383333333,3310.696068559315,36447.79575189264,69584.89543522598,5.000000000000007
597,5070.303400000001,3927.123902417259,39419.24770241726,74911.37150241726,5.000000000000009
598,5475.2771555555555,4396.942352247821,42723.88244113671,81050.8225300256,5.0000000000000036
599,9688.689672222223,7893.293678402562,75714.12138395812,143534.94908951368,5.0000000000000036
600,7410.0574611111115,7111.83990493415,58982.24213271192,110852.6443604897,5.000000000000006
601,4868.994258333333,4980.014521636143,39062.974329969475,73145.93413830281,5.000000000000004
602,6406.044655555555,5941.713596320714,50784.0261852096,95626.33877409849,5.000000000000006
603,7154.985288888889,8830.490511552307,58915.38753377452,109000.28455599675,5.000000000000005
604,6881.773355555556,7234.20884583008,55406.622334718966,103579.03582360786,5.000000000000004
605,7327.925411111111,8548.801127473444,59844.279005251214,111139.756883029,5.0000000000000036
606,5654.643438888889,5760.047208882559,45342.55128110478,84925.05535332701,5.000000000000005
607,3739.4302277777774,7633.224679803247,33809.23627424769,59985.24786869214,5.0000000000000036
608,9824.829322222222,15956.41957884797,84730.22483440353,153504.0300899591,5.000000000000006
609,4756.529266666667,4960.68606290501,38256.39092957167,71552.09579623834,5.000000000000004
610,4139.153430555556,5279.243840709602,34253.317854598485,63227.39186848738,5.000000000000005
611,5701.080711111111,3855.4491853075806,43763.014163085354,83670.57914086313,5.000000000000005
612,6348.376705555555,8654.061888000333,53092.698826889224,97531.33576577812,5.000000000000004
613,6114.34555,5156.316774327561,47956.735624327564,90757.15447432756,5.000000000000005
614,6549.205141666667,5683.346070772118,51527.78206243878,97372.21805410545,5.0000000000000036
615,9087.325291666666,9045.223277192541,72656.50031885921,136267.77736052586,5.0000000000000036
616,8582.213202777777,8692.901789037174,68768.39420848162,128843.88662792608,5.000000000000005
617,6509.376027777778,8991.371187333612,54557.00338177806,100122.6355762225,5.000000000000005
618,7228.015586111111,6923.276486635361,57519.38558941314,108115.49469219093,5.0000000000000036
619,4123.084747222222,6016.560571292487,34878.15380184804,63739.7470324036,5.000000000000003
620,8274.551280555555,6032.529850097386,63954.388813986276,121876.24777787515,5.000000000000006
621,6007.821177777778,5941.232152314169,47995.98039675862,90050.72864120307,5.000000000000004
622,4344.902313888889,4571.581810229036,34985.89800745126,65400.21420467347,5.0000000000000036
623,6919.727227777777,8987.549168896549,57425.639763340994,105863.73035778543,5.0000000000000036
624,6981.196408333333,7920.010000484839,56788.38485881817,105656.75971715151,5.000000000000005
625,6608.878927777778,7467.570528938722,53729.723023383165,99991.87551782762,5.000000000000004
626,9300.714580555556,11256.626975673926,76361.62903956282,141466.6311034517,5.000000000000004
627,6526.192650000001,6891.8966624403,52575.2452124403,98258.5937624403,5.000000000000006
628,6194.599619444444,8600.493526330938,51962.69086244205,95324.88819855316,5.0000000000000036
629,6190.672716666667,5299.362280664242,48634.071297330906,91968.78031399757,5.000000000000009
630,5805.285502777778,9057.462253430818,49694.46077287526,90331.4592923197,5.000000000000004
631,5761.685963888889,5664.894665791126,45996.69641301335,86328.49816023557,5.0000000000000036
632,7377.9940333333325,6208.454251934191,57854.41248526753,109500.37071860087,5.000000000000008
633,7077.859191666666,5727.564320407889,55272.57866207455,104817.59300374122,5.000000000000005
634,6753.8056166666665,10154.006095365527,57430.645412032194,104707.28472869885,5.000000000000004
635,5867.158594444444,10495.38928772686,51565.499448837974,92635.60960994908,5.000000000000005
636,6619.873233333334,13307.4373351307,59646.54996846404,105985.66260179736,5.0000000000000036
637,8852.847600000001,7323.715970232773,69293.64917023276,131263.58237023276,5.0000000000000036
638,6038.046991666666,4652.2602130315845,46918.58915469825,89184.91809636491,5.000000000000004
639,4394.189044444444,5796.837073036708,36556.16038414782,67315.48369525892,5.000000000000004
640,12158.904930555556,12190.680867638956,97303.01538152785,182415.34989541673,5.000000000000004
641,5359.263836111111,7137.310238628459,44652.15709140624,82167.003944184,5.000000000000004
642,3422.798136111111,2688.343241591656,26647.930194369434,50607.51714714721,5.000000000000004
643,7505.160538888889,8604.544339072332,61140.66811129456,113676.79188351677,5.0000000000000036
644,8672.088758333333,7219.216227564571,67923.83753589791,128628.45884423124,5.000000000000004
645,10397.51601111111,11792.01188748301,84574.62396526079,157357.23604303857,5.0000000000000036
646,4916.909380555556,3855.7621292516496,38274.12779314054,72692.49345702943,5.000000000000002
647,5841.288161111112,7364.115073589294,48253.13220136707,89142.14932914484,5.0000000000000036
648,6348.743197222222,5970.625610130639,50411.82799068619,94853.03037124175,5.000000000000004
649,3661.7658888888886,6112.434025788276,31744.7952480105,57377.15647023272,5.000000000000004
650,6156.624397222222,4915.625095334859,48011.99587589041,91108.36665644596,5.000000000000004
651,7336.853841666667,5573.675536320913,56931.652427987574,108289.62931965425,5.000000000000006
652,6758.426377777778,9174.467713940785,56483.45235838523,103792.43700282968,5.000000000000004
653,6025.0780444444445,5823.780366112385,47999.32667722349,90174.87298833461,5.000000000000005
654,6654.274763888889,10831.260789370142,57411.18413659236,103991.10748381459,5.0000000000000036
655,8867.532641666667,10466.432247864746,72539.16073953142,134611.8892311981,5.000000000000004
656,3306.869988888889,3276.778490280295,26424.868412502517,49572.95833472474,5.000000000000007
657,5756.158991666667,8921.461820280343,49214.574761947006,89507.68770361367,5.0000000000000036
658,5927.6183388888885,7378.360096580674,48871.688468802895,90365.01684102512,5.0000000000000036
659,5408.421766666666,6764.798018798073,44623.75038546474,82482.70275213142,5.000000000000005
660,5010.405913888889,7310.947479922998,42383.78887714522,77456.63027436745,5.0000000000000036
661,7049.8269527777775,5861.522317663428,55210.31098710787,104559.09965655232,5.000000000000006
662,8182.026191666668,11226.285159523695,68500.46850119036,125774.65184285704,5.000000000000004
663,5835.875811111111,4884.100341264929,45735.23101904271,86586.36169682049,5.000000000000002
664,5120.4794999999995,6524.275829794857,42367.632329794855,78210.98882979486,5.000000000000003
665,7798.795872222223,10413.960734884926,65005.53184044048,119597.10294599604,5.0000000000000036
666,7077.914394444445,9142.661650528347,58688.06241163946,108233.46317275058,5.0000000000000036
667,8505.681016666666,9232.829531700416,68772.59664836708,128312.36376503373,5.000000000000003
668,8811.567388888889,8781.5095166084,70462.48123883062,132143.45296105286,5.000000000000005
669,4964.736286111111,4288.357879371912,39041.511882149694,73794.66588492747,5.000000000000006
670,6532.580427777778,6226.922741997778,51954.98573644223,97683.04873088667,5.000000000000004
671,6880.479547222222,6902.889321690934,55066.24615224649,103229.60298280204,5.000000000000005
672,8160.781924999999,6169.777447340049,63295.25092234005,120420.72439734003,5.000000000000005
673,7698.515755555555,7433.42539638083,61323.035685269715,115212.6459741586,5.000000000000004
674,8090.387294444445,9178.4548208281,65811.1658819392,122443.87694305032,5.000000000000005
675,3810.209116666667,6278.480577371317,32949.94439403798,59621.40821070465,5.0000000000000036
676,9346.742826190477,10265.831037704469,75693.0308210378,141120.23060437114,5.000000000000006
677,6872.779247222223,8378.066945773819,56487.52167632937,104596.97640688493,5.000000000000004
678,7780.984555555556,10255.905469895082,64722.79735878397,119189.68924767285,5.0000000000000036
679,9670.624155555555,9389.10204484,77083.47113372889,144777.84022261776,5.000000000000004
680,5003.586494444444,4070.595733511226,39095.701194622336,74120.80665573344,5.000000000000004
681,3828.1996666666664,4001.546444500343,30798.944111167006,57596.34177783367,5.0000000000000036
682,11403.256814285714,13437.496700798527,93260.29440079852,173083.09210079853,5.000000000000006
683,8190.407513888889,10251.865182499929,67584.71777972215,124917.57037694436,5.000000000000006
684,8789.323825,10896.347882800543,72421.61465780054,133946.88143280052,5.000000000000004
685,5668.850058333333,9932.071675233541,49614.02208356687,89295.9724919002,5.0000000000000036
686,6109.737680555556,10084.269971289592,52852.43373517848,95620.59749906737,5.000000000000005
687,9305.505708333332,8054.483246982998,73193.02320531633,138331.56316364964,5.000000000000003
688,3655.6257722222226,5791.830366413707,31381.21077196926,56970.59117752482,5.000000000000006
689,6607.834219444445,6335.141822037958,52589.98135814907,98844.82089426018,5.000000000000004
690,5606.402502777778,5537.817561656922,44782.63508110136,84027.4526005458,5.000000000000008
691,8303.532363888888,9249.664995938389,67374.3915431606,125499.11809038284,5.000000000000004
692,6630.105761111111,10007.829853107874,56418.570180885654,102829.31050866343,5.0000000000000036
693,6632.939594444444,13773.864838476009,60204.44199958713,106635.01916069823,5.0000000000000036
694,8053.3685138888895,6993.792270431141,63367.37186765336,119740.95146487557,5.000000000000004
695,5681.333736111111,10765.422998818009,50534.75915159579,90304.09530437356,5.000000000000004
696,8899.917605555554,8488.099302405582,70787.52254129447,133086.94578018336,5.000000000000005
697,11136.637016666667,12788.012860238077,90744.47197690474,168700.93109357142,5.000000000000005
698,16404.226749999998,11838.654607716067,126668.24185771606,241497.82910771607,5.000000000000004
699,7399.176730555555,7593.9149386752215,59388.15205256411,111182.389166453,5.000000000000005
700,4470.7791611111115,6731.37345517789,38026.82758295567,69322.28171073344,5.0000000000000036
701,5749.2418333333335,7866.184696940219,48110.877530273545,88355.57036360688,5.0000000000000036
702,4089.014402777778,4034.165995630543,32657.266815074985,61280.36763451943,5.000000000000006
703,3225.6819805555556,3758.9881876840477,26338.762051572936,48918.53591546183,5.000000000000004
704,11119.323391666667,9843.029966391436,87678.2937080581,165513.55744972476,5.0000000000000036
705,8058.415502777778,11690.284789005073,68099.19330844952,124508.10182789397,5.000000000000004
706,5604.476322222222,5374.363342274952,44605.697597830505,83837.03185338606,5.000000000000004
707,8597.524061111111,11133.824434571676,71316.49286234945,131499.16129012723,5.0000000000000036
708,5862.649272222222,5492.875540629533,46531.42044618509,87569.96535174066,5.0000000000000036
709,10355.750227777777,12224.733341010478,84714.98493545492,157205.23652989938,5.0000000000000036
710,4688.901055555555,6305.29263110914,39127.600019998026,71949.90740888691,5.000000000000004
711,5629.6735638888895,6108.163250838164,45515.87819806039,84923.5931452826,5.000000000000004
712,5858.778430555556,6381.956003022694,47393.40501691159,88404.85403080046,5.0000000000000036
713,9454.130022222222,11436.377358818514,77615.28751437407,143794.19766992962,5.0000000000000036
714,5218.452933333333,5062.065998431197,41591.23653176453,78120.40706509787,5.0000000000000036
715,6182.910866666667,10513.558945523804,53793.93501219047,97074.31107885714,5.000000000000004
716,5497.244944444445,5017.376165527519,43498.09077663863,81978.80538774974,5.000000000000006
717,5354.898841666666,8804.642970369794,46288.93486203646,83773.22675370313,5.0000000000000036
718,7185.9444416666665,7500.922828206555,57802.53391987322,108104.14501153988,5.000000000000004
719,5047.515333333333,4981.504279193957,40314.11161252729,75646.71894586063,5.000000000000004
720,7190.695177777778,6857.6902381974605,57192.55648264191,107527.42272708635,5.000000000000005
721,7597.771499999999,4816.874124459486,58001.27462445948,111185.67512445949,5.0000000000000036
722,7765.743777777778,7920.21937094564,62280.42581539009,116640.63225983453,5.0000000000000036
723,7775.9935611111105,7701.1886062409285,62133.14353401871,116565.09846179647,5.000000000000006
724,7216.940969444444,5255.021740333086,55773.6085264442,106292.19531255531,5.000000000000007
725,5819.212141666667,4225.163672073032,44959.6486637397,85694.13365540636,5.000000000000004
726,10948.48346388889,14766.69895913797,91406.08320636018,168045.46745358242,5.0000000000000036
727,4492.646066666666,5165.445366480392,36613.967833147064,68062.49029981373,5.0000000000000036
728,5324.212825,4452.244226497588,41721.73400149759,78991.22377649759,5.000000000000004
729,11169.86641111111,12406.064604157882,90595.12948193567,168784.19435971344,5.0000000000000036
730,6988.322419444445,6516.386002234552,55434.64293834566,104352.89987445677,5.0000000000000036
731,9242.775766666666,11302.544991144101,76001.97535781078,140701.40572447743,5.0000000000000036
732,7527.369964285715,9370.851186853766,62062.44093685377,114754.03068685376,5.000000000000004
733,14954.760404761906,6515.627013465078,111198.94984679842,215882.27268013178,5.0000000000000036
734,5345.642947222223,7921.930766878034,45341.43139743359,82760.93202798914,5.000000000000004
735,5361.100213888889,8210.743744164409,45738.44524138663,83266.14673860885,5.000000000000004
736,4849.678413888889,5336.489654314363,39284.23855153659,73231.98744875881,5.000000000000005
737,6257.600658333333,8765.24428141019,52568.44888974352,96371.65349807686,5.000000000000004
738,9027.643666666667,6954.771758414131,70148.2774250808,133341.78309174746,5.000000000000004
739,10509.084744444444,11295.338012846238,84858.93122395735,158422.52443506845,5.0000000000000036
740,7452.785119444444,7472.260228850293,59641.7560649614,111811.25190107251,5.0000000000000036
741,8051.270194444445,7605.325770215377,63964.21713132649,120323.10849243759,5.000000000000005
742,8391.108680555555,8731.334561877171,67469.09532576607,126206.85608965495,5.000000000000004
743,3867.4434194444443,6034.570928033658,33106.67486414477,60178.77880025588,5.000000000000004
744,7447.957141666667,5836.1041862376205,57971.80417790429,110107.50416957095,5.000000000000007
745,7508.633858333334,13080.848690577961,65641.28569891129,118201.72270724463,5.0000000000000036
746,6632.026569444444,7175.386210563549,53599.572196674664,100023.75818278576,5.000000000000003
747,8168.214694444444,7970.111820766489,65147.614681877596,122325.11754298872,5.000000000000001
748,5851.1002194444445,6844.206734533202,47801.908270644315,88759.60980675543,5.0000000000000036
749,4532.813041666666,7217.685004973107,38947.37629663977,70677.06758830644,5.0000000000000036
750,4785.45905,4543.767615441576,38041.98096544158,71540.19431544158,5.000000000000004
751,4209.5956,4633.093828082292,34100.26302808229,63567.43222808229,5.000000000000004
752,5090.706827777777,7737.489556912316,43372.437351356755,79007.3851458012,5.000000000000004
753,8391.599713888889,8780.02359605967,67521.2215932819,126262.41959050411,5.000000000000007
754,7149.762986111111,8311.879935843552,58360.220838621324,108408.5617413991,5.000000000000004
755,10894.939680555555,8900.959661668137,85165.53742555702,161430.1151894459,5.000000000000005
756,17229.76725,16324.922184253703,136933.2929342537,257541.6636842537,5.000000000000007
757,6851.217605555556,7132.301168804564,55090.82440769345,103049.34764658235,5.0000000000000036
758,4803.241313888889,5040.318496643486,38663.00769386571,72285.69689108792,5.000000000000007
759,7175.879591666667,9833.934359987003,60065.091501653675,110296.24864332034,5.0000000000000036
760,7872.979372222222,3626.340101702064,58737.19570725762,113848.05131281317,5.000000000000005
761,8949.49503888889,10376.267325933217,73022.73259815545,135669.19787037765,5.000000000000002
762,4235.879491666667,4190.207872097975,33841.36431376464,63492.5207554313,5.000000000000004
763,6129.875219444444,5326.2972021239075,48235.42373823502,91144.55027434613,5.000000000000004
764,3961.189705555555,5184.394097334143,32912.72203622303,60641.04997511193,5.000000000000004
765,8583.417341666667,8965.694679682045,69049.61607134872,129133.53746301538,5.000000000000004
766,6547.525030555556,5236.697859566527,51069.37307345542,96902.04828734431,5.000000000000005
767,5935.9407,7656.921838951717,49208.50673895172,90760.09163895172,5.0000000000000036
768,13299.525638888888,14647.627409415909,107744.30688163813,200840.98635386035,5.0000000000000036
769,12278.227583333333,6765.100588857598,92712.69367219093,178660.28675552426,5.000000000000003
770,4862.661986111111,7111.710941978566,41150.34484475634,75188.97874753411,5.000000000000005
771,6831.9064,6390.221924610592,54213.566724610595,102036.9115246106,5.000000000000004
772,3866.1651083333336,3174.6600006177787,30237.81575895111,57300.971517284444,5.000000000000006
773,5110.534383333334,3859.0604737342383,39632.801157067566,75406.54184040091,5.0000000000000036
774,5451.36213888889,5356.304003063261,43515.838975285486,81675.3739475077,5.0000000000000036
775,8253.531202777776,7335.185524662776,65109.903944107224,122884.62236355168,5.0000000000000036
776,4950.6226027777775,6021.149157196023,40675.50737664047,75329.86559608491,5.0000000000000036
777,4510.596163888888,4123.631921647889,35697.805068870104,67271.97821609234,5.000000000000007
778,5489.706594444444,6064.280453366522,44492.22661447763,82920.17277558876,5.000000000000004
779,7043.384122222222,11613.626155210817,60917.31501076637,110221.00386632193,5.000000000000005
780,6398.118816666666,10473.779368032081,55260.61108469875,100047.44280136543,5.0000000000000036
781,4583.661344444445,6953.290829642324,39038.92024075343,71124.54965186454,5.000000000000004
782,5447.350033333333,6754.5942061882915,44886.044439521625,83017.49467285495,5.0000000000000036
783,7019.266641666666,5932.453204723126,55067.31969638979,104202.18618805645,5.000000000000005
784,6826.7125472222215,9890.050393730071,57677.03822428562,105464.02605484118,5.000000000000005
785,7440.500088888888,9048.348949730542,61131.849571952764,113215.35019417497,5.000000000000004
786,3327.5323083333333,5916.909229657222,29209.63538799055,52502.36154632389,5.0000000000000036
787,10298.826555555555,9811.463940169362,81903.24982905824,153995.03571794715,5.0000000000000036
788,17746.742277777776,13207.228404545342,137434.4243489898,261661.62029343424,5.000000000000005
789,3660.5817194444444,1741.8335609342178,27365.90559704533,52989.977633156435,5.000000000000002
790,7304.521530555557,6921.32480014826,58052.97551403715,109184.62622792604,5.000000000000006
791,8750.96553611111,10157.979629690799,71414.73838246858,132671.49713524635,5.0000000000000036
792,7281.916408333334,10287.53389701989,61260.94875535322,112234.36361368655,5.000000000000004
793,5154.939491666667,8149.121476655582,44233.69791832225,80318.27435998892,5.0000000000000036
794,3220.441811111111,2076.184456039261,24619.27713381704,47162.369811594814,5.0000000000000036
795,4706.59375,6350.410205875483,39296.56645587549,72242.72270587548,5.0000000000000036
796,7820.0492,9578.145000854976,64318.48940085498,119058.83380085499,5.000000000000002
797,4963.928102777778,4986.544771846365,39734.04149129081,74481.53821073525,5.0000000000000036
798,7399.197597222222,12042.937760667635,63837.320941223195,115631.70412177875,5.0000000000000036
799,9828.048502777778,7505.194907493448,76301.53442693788,145097.87394638231,5.000000000000003
800,4598.471741666666,5471.74615342509,37661.04834509175,69850.35053675841,5.000000000000004
801,5469.264477777778,6445.90623937734,44730.75758382178,83015.60892826623,5.000000000000005
802,6826.3665666666675,7065.794169703333,54850.36013637,102634.92610303668,5.0000000000000036
803,5848.609361111111,6720.67037970629,47660.93590748407,88601.20143526184,5.000000000000004
804,4976.2366694444445,4247.938514492289,39081.5952006034,73915.25188671451,5.000000000000004
805,5473.090088888889,6537.316699251035,44848.94732147326,83160.57794369548,5.000000000000004
806,6683.202563888889,8493.225553716506,55275.64350093873,102058.06144816095,5.000000000000004
807,9625.904,7701.404572049773,75082.73257204978,142464.06057204978,5.000000000000006
808,7528.860313888888,8642.136813389396,61344.15901061162,114046.18120783384,5.000000000000004
809,9774.910511111111,13656.07778092513,82080.4513587029,150504.82493648067,5.0000000000000036
810,5772.047719444444,4706.635680234312,45110.969716345426,85515.30375245653,5.000000000000004
811,4042.6468305555554,3220.597859012678,31519.125672901566,59817.653486790456,5.000000000000008
812,6345.587877777778,8594.166684701373,53013.281829145824,97432.39697359026,5.0000000000000036
813,5683.1636,4591.055589450074,44373.20078945007,84155.34598945007,5.0000000000000036
814,8613.619588888889,10275.451399392685,70570.78852161492,130866.12564383713,5.000000000000005
815,6132.065805555556,5385.859422175095,48310.32006106398,91234.78069995287,5.0000000000000036
816,4789.559730555556,4630.038757231767,38156.95687112065,71683.87498500955,5.000000000000005
817,20834.24227777778,19379.060633468427,165218.75657791286,311058.4525223573,5.000000000000004
818,6394.749730555555,7874.5944469736505,52637.84256086254,97401.09067475142,5.0000000000000036
819,5899.849183333334,5246.772813616281,46545.717096949615,87844.66138028295,5.000000000000006
820,11624.067805555555,10029.381349413427,91397.85598830233,172766.3306271912,5.0000000000000036
821,6893.330677777778,8516.492973628592,56769.80771807304,105023.12246251748,5.000000000000004
822,7274.973916666667,8642.601280005758,59567.41869667242,110492.2361133391,5.0000000000000036
823,6101.5463,6339.191183654591,49050.01528365459,91760.83938365459,5.0000000000000036
824,7307.232102777778,7454.171764516574,58604.796483961014,109755.42120340547,5.000000000000006
825,4893.933902777778,4852.950535137951,39110.487854582396,73368.02517402684,5.0000000000000036
826,9157.626383333332,8647.273324599066,72750.6580079324,136854.04269126573,5.000000000000004
827,15135.874055555556,8225.658552891582,114176.77694178047,220127.89533066936,5.0000000000000036
828,5199.056083333333,6819.879789071678,43213.272372405016,79606.66495573835,5.000000000000004
829,5517.091747222223,6041.585098898012,44661.22732945357,83280.86956000913,5.000000000000002
830,6397.163277777778,9278.94436579813,54059.087310242576,98839.23025468702,5.0000000000000036
831,12848.427677777778,14712.06196124397,104651.05570568841,194590.04945013288,5.0000000000000036
832,6550.717688888889,6812.672159478159,52667.69598170038,98522.7198039226,5.000000000000003
833,5362.248172222222,5901.0246802170595,43436.76188577261,80972.49909132818,5.000000000000004
834,5906.082758333334,7507.1685879964125,48849.74789632975,90192.32720466307,5.000000000000004
835,5548.6511,6432.1871912518545,45272.74489125186,84113.30259125185,5.000000000000005
836,6120.036086111111,9678.466745666556,52518.719348444334,95358.9719512221,5.000000000000004
837,3873.8038527777776,5287.1200208795235,32403.746990323965,59520.37395976841,5.000000000000004
838,8627.78515,8148.412669838251,68542.90871983825,128937.40476983825,5.0000000000000036
839,3713.2710444444447,5847.025027642372,31839.92233875348,57832.8196498646,5.000000000000004
840,6286.429277777777,7666.144203799883,51671.14914824432,95676.15409268877,5.0000000000000036
841,2770.565286111111,3492.2017712953975,22886.158774073174,42280.11577685095,5.000000000000003
842,19745.464500000002,14538.004620416821,152756.25612041683,290974.5076204168,5.000000000000004
843,9078.298816666667,8673.775319675215,72221.86703634188,135769.95875300854,5.000000000000004
844,4158.855811111111,6482.73898250381,35594.72966028159,64706.72033805937,5.000000000000005
845,5253.319977777778,4384.484849791255,41157.724694235694,77930.96453868014,5.0000000000000036
846,9404.345108333333,13113.812345342481,78944.22810367582,144774.64386200916,5.000000000000004
847,6589.968544444444,5866.071923501788,51995.8517346129,98125.63154572401,5.0000000000000036
848,6754.396383333334,8644.486969853462,55925.26165318679,103206.03633652013,5.000000000000005
849,7982.731066666666,6882.229934633041,62761.34740129971,118640.46486796638,5.000000000000003
850,6404.341727777778,8386.235809743484,53216.627904187924,98047.01999863237,5.000000000000006
851,5117.876444444444,4235.915931775606,40061.05104288671,75886.18615399783,5.0000000000000036
852,4354.177325000001,5944.395082767625,36423.636357767624,66902.87763276762,5.000000000000004
853,9360.989672222222,8572.466917150035,74099.39462270559,139626.32232826116,5.000000000000006
854,6141.092080555555,6076.635929676132,49064.28049356502,92051.9250574539,5.000000000000006
855,5885.981144444445,6846.733883307802,48048.60189441891,89250.46990553003,5.000000000000005
856,7107.238574999999,6376.202920087165,56126.87294508717,105877.54297008716,5.000000000000002
857,7948.825233333333,7224.601288837087,62866.37792217042,118508.15455550374,5.000000000000004
858,4912.894811111111,3719.5227310983078,38109.78640887609,72500.05008665386,5.0000000000000036
859,7627.484344444445,6106.617474710388,59499.0078858215,112891.39829693262,5.0000000000000036
860,6325.058358333333,5714.115727806748,49989.52423614008,94264.93274447341,5.000000000000002
861,3850.2759472222224,3419.3637068160297,30371.295337371586,57323.22696792714,5.0000000000000036
862,8206.666891666666,8856.690315235155,66303.35855690182,123750.02679856849,5.0000000000000036
863,7589.418388095238,12356.229877170801,65482.15859383747,118608.08731050412,5.000000000000004
864,4369.301016666667,4804.1007784646035,35389.20789513127,65974.31501179794,5.0000000000000036
865,8139.814511111112,6733.340349660843,63712.041927438615,120690.74350521641,5.000000000000002
866,6782.684680555556,6599.13977198018,54077.93253586907,101556.72529975796,5.000000000000005
867,4372.4567809523805,5641.234224911326,36248.43169157799,66855.62915824466,5.000000000000007
868,9632.562027777778,9042.215820720294,76470.15001516473,143898.0842096092,5.0000000000000036
869,5753.6878916666665,9135.247586033012,49411.06282769968,89686.87806936634,5.000000000000004
870,6875.466225,5743.283316733778,53871.54689173378,101999.81046673378,5.000000000000004
871,6761.218488888889,6713.370153646342,54041.89957586856,101370.42899809079,5.000000000000006
872,7772.826430555556,7369.744783001011,61779.5297968899,116189.31481077879,5.000000000000004
873,3636.5379722222224,3585.364816650778,29041.130622206332,54496.896427761894,5.0000000000000036
874,4766.140994444444,4080.116472190394,37443.103433301505,70806.09039441262,5.000000000000004
875,4834.289102777778,6244.494275037209,40084.517994481655,73924.5417139261,5.000000000000005
876,10303.516013636363,19539.48929040214,91664.10138585669,163788.71348131125,5.0000000000000036
877,6301.725754054054,6579.727177712427,50691.807456090806,94803.88773446919,5.000000000000002
878,8459.287969444445,9796.120639966895,69011.136426078,128226.15221218912,5.000000000000004
879,4013.170369444444,4291.805238624384,32383.9978247355,60476.19041084661,5.0000000000000036
880,7701.851852777778,7039.80712572787,60952.77009517231,114865.73306461675,5.0000000000000036
881,4085.226186111111,6416.797889364002,35013.38119214178,63609.96449491956,5.000000000000004
882,6226.1486888888885,4221.23665049241,47804.27747271463,91387.31829493685,5.0000000000000036
883,4693.525541666666,5067.109998190766,37921.78878985743,70776.4675815241,5.000000000000005
884,6124.4092222222225,6173.974945973862,49044.83950152942,91915.70405708498,5.0000000000000036
885,5998.308547222222,3604.075018933765,45592.23484948932,87580.39468004488,5.0000000000000036
886,7173.048127777777,7643.261135017541,57854.59802946199,108065.93492390642,5.000000000000006
887,6935.014722222222,8255.40804421914,56800.511099774696,105345.61415533026,5.000000000000005
888,8799.029069444445,6932.527755159034,68525.73124127014,130118.93472738127,5.000000000000005
889,4229.698052777778,4671.351363505926,34279.23773295037,63887.12410239481,5.0000000000000036
890,6239.716638888889,7035.320505290823,50713.33697751305,94391.35344973527,5.0000000000000036
891,7239.127016666667,6446.4850807531775,57120.37419741984,107794.26331408652,5.0000000000000036
892,7289.714741666667,11531.601790169123,62559.604981835786,113587.60817350245,5.000000000000003
893,6224.025766666667,5052.752490363787,48620.93285703045,92189.11322369712,5.000000000000003
894,8463.04693611111,11417.13137220838,70658.45992498616,129899.78847776394,5.0000000000000036
895,9579.673608333333,7531.262588377194,74588.97784671054,141646.69310504387,5.000000000000004
896,6849.5923999999995,4470.48763661752,52417.63443661752,100364.78123661752,5.000000000000006
897,3202.812161111111,2840.765072082615,25260.450199860396,47680.13532763817,5.0000000000000036
898,6529.434833333334,11700.101305380469,57406.1451387138,103112.18897204712,5.0000000000000036
899,5138.321097222222,9040.754113536539,45009.001794092095,80977.24947464764,5.000000000000005
900,6337.386644444445,5259.304046895337,49621.01055800644,93982.71706911756,5.000000000000005
901,7039.535458333334,8691.467740409264,57968.2159487426,107244.96415707593,5.000000000000005
902,3866.0558388888885,2627.1261682474556,29689.517040469676,56751.9079126919,5.000000000000007
903,11401.015833333333,8040.70644586266,87847.817279196,167654.92811252933,5.000000000000004
904,5465.567800000001,5440.27383402402,43699.24843402402,81958.22303402402,5.000000000000004
905,6785.112322222222,6901.3105423726065,54397.09679792816,101892.88305348372,5.000000000000006
906,10446.276580555555,10188.474948252555,83312.41101214144,156436.34707603033,5.000000000000004
907,6930.765163888889,5083.654787980036,53599.01093520226,102114.36708242448,5.000000000000005
908,4011.867625,7332.930194306671,35416.00356930667,63499.076944306675,5.000000000000004
909,12094.710272727272,30017.940959482734,114680.91286857365,199343.88477766456,5.0000000000000036
910,5917.401016666667,7423.176623621639,48844.983740288306,90266.79085695498,5.0000000000000036
911,9633.047572222222,9576.61347080125,77007.9464763568,144439.27948191238,5.000000000000006
912,5592.138291666666,4233.987293500283,43378.95533516695,82523.92337683361,5.0000000000000036
913,8332.086180555554,11092.26527400644,69416.86853789532,127741.47180178422,5.000000000000003
914,9236.257433333334,9467.070455753177,74120.87248908651,138774.67452241984,5.0000000000000036
915,6416.793699999999,6977.571483385926,51895.12738338593,96812.68328338592,5.0000000000000036
916,5594.7251,5044.759004960661,44207.83470496066,83370.91040496067,5.000000000000003
917,6544.669588888889,8628.195653918956,54440.88277614118,100253.56989836339,5.0000000000000036
918,5098.047358333333,6696.999412544654,42383.33092087799,78069.66242921133,5.0000000000000036
919,5429.787408333334,6984.649030233239,44993.16088856657,83001.6727468999,5.000000000000006
920,5988.351472222222,4709.580679351398,46628.040984906955,88546.5012904625,5.000000000000006
921,8684.332511111112,11360.598628233014,72150.9262060108,132941.25378378856,5.000000000000004
922,7670.959380555555,6456.60940986809,60153.325073756976,113850.04073764588,5.000000000000002
923,5380.013233333334,3163.9621286446973,40824.054761978034,78484.14739531136,5.000000000000003
924,4627.2389277777775,6178.7662742744615,38569.43876871891,70960.11126316334,5.0000000000000036
925,6919.814727777778,6014.025409700524,54452.728504144965,102891.4315985894,5.000000000000006
926,7599.182850000001,9261.281543342731,62455.56149334273,115649.84144334272,5.0000000000000036
927,6514.380677777778,8452.220539499813,54052.885283944255,99653.5500283887,5.0000000000000036
928,8000.6984,11063.275182130332,67068.16398213033,123073.05278213033,5.000000000000004
929,5887.957188888889,5660.0053796522525,46875.705701874474,88091.40602409671,5.000000000000004
930,6868.117802777778,7186.064479113844,55262.88909855829,103339.71371800272,5.000000000000002
931,4032.3354857142854,4874.338387525793,33100.686787525796,61327.0351875258,5.000000000000004
932,7217.2811833333335,9240.239502189279,59761.207785522616,110282.17606885594,5.000000000000002
933,7427.692711111111,9568.193466564744,61562.04244434253,113555.8914221203,5.000000000000004
934,6908.436933333333,7949.061097491533,56308.11963082486,104667.17816415819,5.0000000000000036
935,5798.8021499999995,6985.265576563006,47576.88062656301,88168.495676563,5.0000000000000036
936,6655.362605555555,5583.664767934235,52171.203006823125,98758.74124571201,5.000000000000004
937,7503.783950000001,8579.983629224156,61106.47127922416,113632.95892922416,5.0000000000000036
938,9227.199055555557,8211.782595415309,72802.1759843042,137392.56937319308,5.000000000000004
939,5986.0045666666665,6471.407046902695,48373.439013569354,90275.47098023602,5.0000000000000036
940,7567.229966666668,7412.013542658352,60382.62330932501,113353.23307599168,5.000000000000004
941,5151.318316666667,6142.971741461593,42202.19995812826,78261.42817479493,5.000000000000004
942,6393.241013888889,8016.337143184274,52769.02424040649,97521.71133762872,5.0000000000000036
943,7448.539747222221,5461.179384428347,57600.957614983905,109740.73584553946,5.000000000000005
944,6857.878338888889,5584.18869322318,53589.337065445405,101594.48543766762,5.000000000000005
945,4240.448672222223,4390.236702595726,34073.37740815128,63756.51811370683,5.000000000000006
946,4227.458386111111,4973.518136461699,34565.726839239476,64157.93554201725,5.000000000000005
947,7447.865783333334,7042.570537612792,59177.63102094613,111312.69150427946,5.0000000000000036
948,8157.4946023809525,7210.777457426106,64313.23967409277,121415.70189075943,5.000000000000006
949,5250.2510250000005,8060.189799956923,44811.946974956925,81563.70414995692,5.0000000000000036
950,5649.281422222222,7222.004207912943,46766.9741634685,86311.94411902405,5.000000000000003
951,8261.9755,10291.928817977187,68125.75731797719,125959.58581797719,5.000000000000004
952,5829.913033333334,4195.391919662954,45004.783152996286,85814.17438632963,5.000000000000004
953,5305.782102777778,7761.580156930258,44902.0548763747,82042.52959581914,5.000000000000004
954,6708.764508333334,8681.931195478579,55643.28275381191,102604.63431214524,5.000000000000004
955,5165.067383333333,5252.462984846487,41407.93466817982,77563.40635151316,5.000000000000004
956,3345.1042666666667,4591.218753949403,28006.94862061607,51422.67848728274,5.000000000000003
957,8073.455416666668,11304.016734436016,67818.20465110269,124332.39256776933,5.000000000000006
958,3691.536369444444,3244.1371264543773,29084.891712565488,54925.6462986766,5.000000000000005
959,7206.878972222223,8603.106923382824,59051.25972893838,109499.41253449392,5.000000000000005
960,6893.887508333333,7599.874925436623,55857.08748376995,104114.30004210329,5.000000000000004
961,6648.510477777778,6078.893971985355,52618.4673164298,99158.04066087425,5.000000000000002
962,6641.562577777778,8964.712586075759,55455.650630520206,101946.58867496466,5.000000000000005
963,11079.845969444445,19753.799668370768,97312.72145448189,174871.643240593,5.000000000000005
964,8669.708755555555,8216.386539287021,68904.34782817592,129592.30911706481,5.000000000000004
965,7548.504172222221,9607.50886367357,62447.03806922914,115286.56727478468,5.000000000000001
966,4852.264666666666,4239.467615127,38205.32028179367,72171.17294846033,5.000000000000006
967,8255.203152777778,10142.951627642899,67929.37369708734,125715.79576653178,5.000000000000006
968,7216.746166666667,5963.575493629542,56480.79866029621,106998.02182696288,5.000000000000004
969,3905.2381166666664,4022.527958421432,31359.194775088094,58695.861591754765,5.0000000000000036
970,2974.535113888889,4809.660238601661,25631.406035823882,46453.151833046104,5.0000000000000036
971,8540.449341666666,9447.491617889655,69230.63700955633,129013.782401223,5.0000000000000036
972,3342.437441666667,5288.189529561223,28685.25162122789,52082.31371289455,5.000000000000005
973,7206.001444444444,9798.29414699776,60240.304258108874,110682.31436922,5.000000000000005
974,11843.857361111111,9914.797651265113,92821.7991790429,175728.80070682068,5.000000000000004
975,7653.170041666667,8425.892018955858,61998.08231062252,115570.27260228919,5.000000000000004
976,6906.726797222222,9302.373887818809,57649.461468374364,105996.54904892991,5.000000000000003
977,4546.934813888889,8091.898998669189,39920.44269589141,71748.98639311364,5.000000000000004
978,7356.454866666667,8679.99737240352,60175.181439070184,111670.36550573685,5.000000000000004
979,6667.116691666666,8139.957560431973,54809.77440209864,101479.5912437653,5.0000000000000036
980,6183.705855555555,7365.849304113431,50651.79029300232,93937.7312818912,5.000000000000006
981,7067.627733333333,7501.713957505404,56975.10809083874,106448.50222417207,5.000000000000004
982,8253.538558333334,10056.662270542893,67831.43217887622,125606.20208720956,5.000000000000005
983,8248.998166666666,10636.985638752729,68379.9728054194,126122.95997208606,5.000000000000006
984,6411.116919444445,8804.609866826495,53682.4283029376,98560.24673904871,5.000000000000006
985,8229.834177777777,8196.341333125523,65805.18057756996,123414.01982201442,5.0000000000000036
986,5035.885033333334,6297.279671210732,41548.47490454406,76799.6701378774,5.000000000000004
987,6579.9368583333335,8430.235618003222,54489.793626336555,100549.35163466989,5.0000000000000036
988,4951.436388888888,3779.765768926686,38439.82049114891,73099.87521337112,5.000000000000007
989,5166.1168027777785,6324.710833405568,42487.52845285001,78650.34607229446,5.0000000000000036
990,6389.259455555556,6816.359725287373,51541.17591417626,96265.99210306516,5.0000000000000036
991,5970.149630555556,5174.836734274594,46965.88414816348,88756.93156205237,5.000000000000004
992,5322.276063888889,6132.089897456239,43388.02234467846,80643.95479190069,5.0000000000000036
993,7690.945886111112,9457.95261951361,63294.573822291386,117131.19502506917,5.0000000000000036
994,5003.943597222223,9333.25280945092,44360.85799000648,79388.46317056203,5.000000000000004
995,9477.400216666667,8156.0620591173165,74497.86357578398,140839.66509245065,5.0000000000000036
996,7185.975341666667,11420.928786534872,61722.75617820154,112024.5835698682,5.0000000000000036
997,4916.473241666667,6957.837553218673,41373.150244885335,75788.46293655201,5.0000000000000036
998,4411.174355555555,3714.1079554167745,34592.32844430566,65470.54893319455,5.0000000000000036
999,9410.549669444445,13921.728037416799,79795.5757235279,145669.42340963904,5.000000000000004
1000,7059.306513888889,5790.67074678437,55205.8163440066,104620.96194122882,5.0
1001,5913.518016666666,8360.172317161967,49754.79843382863,91149.4245504953,5.0000000000000036
1002,6620.658227777778,6089.600961787442,52434.20855623189,98778.81615067633,5.000000000000005
1003,6896.055730555556,11409.506802777221,59681.896916666105,107954.287030555,5.0000000000000036
1004,5500.079366666667,6741.095177661973,45241.65074432864,83742.20631099532,5.000000000000003
1005,6363.5391361111115,5393.7152173114455,49938.48917008922,94483.263122867,5.0000000000000036
1006,6673.135555555556,6241.535590114792,52953.48447900368,99665.43336789258,5.000000000000005
1007,7091.6539999999995,7360.007793285255,57001.58579328525,106643.16379328526,5.000000000000004
1008,5560.020441666667,6167.462398389661,45087.605490056325,84007.748581723,5.0000000000000036
1009,4716.329186111111,4186.014828972879,37200.31913175066,70214.62343452843,5.0000000000000036
1010,9050.048350000001,8388.555430984637,71738.89388098463,135089.23233098464,5.000000000000004
1011,7188.820244444444,6627.929221360109,56949.67093247122,107271.41264358233,5.000000000000008
1012,5523.264041666666,5077.415684648706,43740.26397631537,82403.11226798204,5.000000000000005
1013,3662.2951527777777,5345.690996733747,30981.757066178194,56617.82313562263,5.0000000000000036
1014,10566.845097222222,18881.750008853312,92849.66568940887,166817.58136996443,5.0000000000000036
1015,6127.417402777778,6232.3695949405765,49124.29141438502,92016.21323382946,5.0000000000000036
1016,5782.283388888889,7514.507161967437,47990.49088418966,88466.47460641188,5.000000000000004
1017,6372.836669444445,5699.426502291811,50309.28318840292,94919.13987451403,5.000000000000005
1018,10822.194277777779,9612.360103543871,85367.72004798832,161123.07999243276,5.0000000000000036
1019,8499.80387222222,12894.368990331006,72392.99609588656,131891.6232014421,5.000000000000004
1020,8284.151002777777,7458.713576162352,65447.770595606795,123436.82761505124,5.000000000000004
1021,9342.94818611111,6154.7397410513695,71555.37704382914,136956.0143466069,5.000000000000006
1022,7231.577141666667,8921.766384275632,59542.806375942295,110163.84636760896,5.000000000000006
1023,5704.459738888889,6525.530790506264,46456.74896272849,86387.96713495071,5.000000000000004
1024,5866.043561111112,4978.873107059818,46041.1780348376,87103.48296261538,5.0000000000000036
1025,7290.814222222221,6257.511375971925,57293.21093152748,108328.91048708303,5.0000000000000036
1026,9568.670088888888,11365.49361955982,78346.18424178204,145326.87486400426,5.000000000000004
1027,12448.717277777778,18709.551583783494,105850.57252822795,192991.5934726724,5.0000000000000036
1028,5059.031025,8675.534597143833,44088.751772143834,79501.96894714383,5.000000000000006
1029,5310.248508333334,8365.804639614775,45537.544197948104,82709.28375628144,5.000000000000003
1030,3647.5202944444445,5545.802306725,31078.444367836106,56611.086428947216,5.000000000000004
1031,4940.467855555556,6721.303941827315,41304.578930716205,75887.85391960508,5.000000000000004
1032,9099.343294444443,12515.365930492988,76210.7689916041,139906.1720527152,5.0000000000000036
1033,14086.178263888889,15767.372444732655,114370.62029195488,212973.8681391771,5.000000000000005
1034,6180.903269444444,10575.100187260137,53841.42307337125,97107.74595948236,5.0000000000000036
1035,4815.127358333333,7871.992377354888,41577.88388568822,75283.77539402156,5.000000000000004
1036,5283.019486111111,4598.8529317758475,41579.989334553626,78561.1257373314,5.000000000000006
1037,6394.451416666667,6213.3176287994,50974.47754546607,95735.63746213274,5.000000000000004
1038,5673.960036111112,4872.435173541219,44590.155426319,84307.87567909677,5.0000000000000036
1039,8105.102302777778,7333.888611810455,64069.6047312549,120805.32085069934,5.000000000000006
1040,8710.599258333334,10873.58799796414,71847.78280629747,132821.97761463083,5.0000000000000036
1041,5998.840558333333,5126.505302526848,47118.38921086018,89110.27311919352,5.000000000000005
1042,4115.489322222222,4974.074418553549,33782.4996741091,62590.92492966467,5.0000000000000036
1043,7774.903591666666,6736.253636062475,61160.57877772915,115584.90391939582,5.000000000000002
1044,5910.579811111111,7425.956705273237,48800.01538305102,90174.07406082879,5.000000000000006
1045,8006.226954761905,10501.384622407844,66544.97330574118,122588.5619890745,5.000000000000004
1046,9019.092002777777,10083.483732862342,73217.12775230678,136350.77177175123,5.000000000000006
1047,4894.378213888889,6307.0101109743555,40567.657608196576,74828.3051054188,5.0000000000000036
1048,7368.574819444444,9221.26360137899,60801.287337490096,112381.31107360122,5.0000000000000036
1049,3696.123461111111,4084.119727321539,29956.98395509932,55829.84818287709,5.000000000000005
1050,6919.780491666666,6582.565161495314,55021.02860316198,103459.49204482866,5.000000000000004
1051,7912.740847222222,9928.704032796235,65317.88996335179,120707.07589390734,5.000000000000004
1052,7228.695669444444,7611.001579061647,58211.871265172755,108812.74095128388,5.0000000000000036
1053,8418.007816666666,10772.057968056937,69698.11268472362,128624.16740139028,5.000000000000005
1054,6217.235686111111,8054.370244004527,51575.0200467823,95095.66984956007,5.0000000000000036
1055,7413.170366666666,7609.4198977957485,59501.61246446242,111393.80503112909,5.0000000000000036
1056,4568.236711111112,5184.813674028798,37162.47065180658,69140.12762958434,5.0000000000000036
1057,6162.473394444444,5078.658799478634,48215.97256058975,91353.28632170084,5.000000000000004
1058,7233.358888888889,8324.466383201654,58957.97860542387,109591.49082764609,5.0000000000000036
1059,8554.882233333334,7376.461231264198,67260.63686459753,127144.81249793086,5.000000000000005
1060,7413.343908333332,8052.313992719501,59945.72135105283,111839.12870938616,5.0000000000000036
1061,7926.650647222223,7100.696267936652,62587.2507984922,118073.80532904777,5.000000000000006
1062,6075.961833333333,7403.370722648262,49935.103555981594,92466.83638931492,5.000000000000002
1063,4436.003925,4994.153893571829,36046.18136857183,67098.20884357183,5.000000000000005
1064,9717.416222222222,8308.525267200808,76330.43882275636,144352.35237831192,5.000000000000002
1065,4155.377369444444,4567.805293214076,33655.44687932519,62743.088465436296,5.000000000000007
1066,10097.439627777778,6911.796073289442,77593.8734677339,148275.95086217832,5.0000000000000036
1067,6170.555077777778,5028.652056384242,48222.537600828684,91416.42314527313,5.0000000000000036
1068,4523.852969444444,4314.108464305348,35981.07925041646,67648.05003652757,5.0000000000000036
1069,6410.664277777778,9822.772785671064,54697.422730115504,99572.07267455995,5.0000000000000036
1070,6924.863658333333,7200.783192284617,55674.82880061795,104148.87440895128,5.000000000000005
1071,6034.006961111111,5581.715627039449,47819.76435481723,90057.813082595,5.0000000000000036
1072,7383.238594444444,8494.909196449975,60177.57935756109,111860.2495186722,5.0000000000000036
1073,9573.422627777778,11211.139385416776,78225.09777986123,145239.05617430565,5.000000000000005
1074,5099.734163888888,6302.282325327939,42000.421472550166,77698.56061977238,5.000000000000005
1075,11494.126847222222,5706.531449356444,86165.41937991201,166624.30731046756,5.000000000000002
1076,4001.097975,4904.943763695092,32912.6295886951,60920.31541369509,5.000000000000003
1077,4554.544163888889,5004.691688735151,36886.50083595738,68768.3099831796,5.000000000000003
1078,7339.482222222222,9774.31568149809,61150.69123705365,112527.0667926092,5.000000000000004
1079,8320.422330555557,10817.62184597511,69060.578159864,127303.5344737529,5.000000000000004
1080,10424.655916666667,7654.370110990014,80626.96152765669,153599.55294432337,5.000000000000005
1081,6316.6196190476185,9159.063598254805,53375.40093158814,97591.73826492147,5.000000000000003
1082,6514.527641666667,7073.35826260448,52675.051754271146,98276.74524593781,5.000000000000006
1083,5578.525116666667,4680.050148265288,43729.72596493195,82779.40178159863,5.000000000000006
1084,6143.080380555555,5032.668554075823,48034.231217964705,91035.7938818536,5.000000000000007
1085,6926.44991388889,7828.749942468643,56313.89933969086,104799.04873691309,5.0000000000000036
1086,5809.257549999999,9744.928409199192,50409.73125919919,91074.53410919919,5.000000000000005
1087,6484.300111111112,5503.078239116261,50893.17901689404,96283.27979467182,5.000000000000004
1088,5158.534441666667,6989.670148473622,43099.41124014029,79209.15233180695,5.000000000000004
1089,10704.131416666667,9186.995104550226,84115.9150212169,159044.83493788357,5.0000000000000036
1090,6467.485730555555,10280.071256318432,55552.47137020732,100824.87148409622,5.0000000000000036
1091,8469.905197222222,9632.818707162362,68922.15508771791,128211.49146827347,5.000000000000005
1092,11872.339027777778,7799.793547844809,90906.16674228926,174012.5399367337,5.000000000000004
1093,8392.065875,6817.722185451813,65562.18331045182,124306.6444354518,5.0000000000000036
1094,4733.694091666667,4505.009911047164,37640.86855271383,70776.7271943805,5.000000000000004
1095,4721.823930555555,5308.930013893822,38361.69752778271,71414.46504167159,5.0000000000000036
1096,6069.171200000001,6243.122933826161,48727.32133382616,91211.51973382616,5.0000000000000036
1097,10596.157119047619,8052.554687040635,82225.65452037397,156398.7543537073,5.000000000000002
1098,5112.378002777778,6824.734573378667,42611.380592823116,78398.02661226755,5.0000000000000036
1099,7581.250742857143,8705.017030324052,61773.77223032406,114842.52743032406,5.000000000000004
1100,5052.325644444445,8513.348147375696,43879.6276584868,79245.90716959792,5.000000000000005
1101,10083.779405555555,10880.578506855321,81467.03434574422,152053.4901846331,5.0000000000000036
1102,6647.926355555555,5197.131455212124,51732.61594410102,98268.1004329899,5.000000000000003
1103,5661.784333333333,5957.641879773985,45590.13221310732,85222.62254644065,5.000000000000006
1104,5283.873625,5407.051881591165,42394.167256591165,79381.28263159117,5.000000000000004
1105,5210.323736111111,6508.145725794413,42980.41187857219,79452.67803134996,5.000000000000004
1106,4959.355438888889,6174.075382491731,40889.563454713956,75605.05152693618,5.0000000000000036
1107,6245.843613888889,9945.662222008223,53666.56751923045,97387.47281645268,5.000000000000004
1108,5800.251283333333,10348.665012553722,50950.42399588706,91552.18297922038,5.0000000000000036
1109,4879.227786111111,6035.29827752953,40189.8927803073,74344.48728308508,5.0000000000000036
1110,4634.373747222223,6426.998589576983,38867.614820132534,71308.2310506881,5.000000000000004
1111,4933.345552777778,7945.038926666625,42478.45779611107,77011.87666555551,5.000000000000007
1112,9143.730269444444,11344.219408530402,75350.33129464151,139356.44318075263,5.000000000000007
1113,6498.351691666667,5113.527840228523,50601.98968189519,96090.45152356186,5.000000000000006
1114,21741.94263888889,13568.04069895268,165761.6391711749,317955.2376433971,5.000000000000002
1115,6871.503447222222,7461.641332671437,55562.16546322699,103662.68959378255,5.0000000000000036
